,Name,Avg,Count,cleaned_words,genres_literal
0,난지캠핑장,4.3915343915343925,189,"['친구', '분위기', '접근성', '여름', '한강']",친구 분위기 접근성 여름 한강
1,서울북한산럭셔리카라반&수영장글램핑,4.8,20,"['힐링', '별빛', '커플', '가족']",힐링 별빛 커플 가족
2,중랑캠핑숲,3.5,10,['가족'],가족
3,서울서초글램핑청계산장,4.25,10,['불멍'],불멍
4,무수아취,4.65,10,"['힐링', '산책', '커플', '가족']",힐링 산책 커플 가족
5,인디언소울II,4.05,10,"['반려동물', '분위기']",반려동물 분위기
6,북한산캠핑장,5.0,1,"['시골', '야경', '분위기', '접근성', '수웊']",시골 야경 분위기 접근성 수웊
7,가평명지산카라반글램핑,4.428481012658228,1580,"['보옴', '분위기', '감성', '벚꽃', '깨끗', '운치', '별빛', '친구', '가족', '야경', '고요', '쾌적', '노을', '커플', '공기', '힐링', '경치', '불멍', '낭만', '아이', '접근성', '여름', '단풍', '친절', '계곡', '사안', '가을', '수웊', '산책', '낚시', '감상', '휴식', '겨울', '동물']",보옴 분위기 감성 벚꽃 깨끗 운치 별빛 친구 가족 야경 고요 쾌적 노을 커플 공기 힐링 경치 불멍 낭만 아이 접근성 여름 단풍 친절 계곡 사안 가을 수웊 산책 낚시 감상 휴식 겨울 동물
8,동화힐링캠프글램핑,4.15,20,"['수웊', '힐링', '동물']",수웊 힐링 동물
9,너리굴문화마을,4.434782608695652,23,"['사안', '분위기', '여름', '깨끗', '친절']",사안 분위기 여름 깨끗 친절
10,산으로캠핑장,4.825,20,"['가을', '깨끗', '경치']",가을 깨끗 경치
11,고래숲,4.55,20,['사안'],사안
12,유식물원캠핑장,4.5,20,"['별빛', '가족', '산책', '경치', '겨울']",별빛 가족 산책 경치 겨울
13,글램비 글램핑,4.4,20,"['친절', '커플', '경치', '바다']",친절 커플 경치 바다
14,힐링별밤수목원캠핑장,4.695652173913044,23,"['별빛', '수웊', '경치', '휴식', '계곡']",별빛 수웊 경치 휴식 계곡
15,세라핌캠프 키즈글램핑,4.7,20,['커플'],커플
16,계곡메사오토캠핑장펜션,4.7,20,"['나무', '단풍', '경치']",나무 단풍 경치
17,해자연캠핑장,4.159090909090909,22,"['힐링', '경치']",힐링 경치
18,하늘숲글램핑파크,4.95,20,"['보옴', '친구', '분위기', '가을', '여름', '힐링', '경치', '겨울', '계곡']",보옴 친구 분위기 가을 여름 힐링 경치 겨울 계곡
19,힐링 가평오토캠핑장&글램핑,4.478260869565218,23,"['반려동물', '가족']",반려동물 가족
20,캠프오후4시,4.85,20,"['별빛', '분위기', '노을', '깨끗', '힐링', '경치', '불멍', '겨울']",별빛 분위기 노을 깨끗 힐링 경치 불멍 겨울
21,포시즌스오토캠핑장,4.35,20,"['불멍', '여름', '계곡']",불멍 여름 계곡
22,왕산가족오토캠핑장,3.3,10,"['겨울', '가족', '바다']",겨울 가족 바다
23,비치캠핑장,4.3,20,['경치'],경치
24,어반슬로우시티 글램핑카라반 수상레저,4.4,20,"['사안', '노을', '공기', '경치', '불멍']",사안 노을 공기 경치 불멍
25,양평수목원 캠핑장,3.8541666666666665,24,"['별빛', '가족', '여름', '산책', '경치', '호수']",별빛 가족 여름 산책 경치 호수
26,산마루캠핑장,4.45,20,"['수웊', '경치']",수웊 경치
27,산중호걸 글램핑카라반,4.5,10,"['가족', '여름', '계곡']",가족 여름 계곡
28,어비산계곡 늘푸른쉼터오토캠핑장,4.333333333333333,12,['깨끗'],깨끗
29,김포한강오토캠핑장,3.95,10,"['사안', '경치', '분위기']",사안 경치 분위기
30,물왕숲캠핑파크,4.363636363636363,11,"['수웊', '가족']",수웊 가족
31,더드림핑 글램핑,4.7,10,"['힐링', '불멍', '분위기']",힐링 불멍 분위기
32,뉴힐링캠프,4.8,10,"['고요', '우중', '여름', '힐링', '계곡']",고요 우중 여름 힐링 계곡
33,동화카라반 캠핑장,4.8,10,"['깨끗', '불멍', '분위기']",깨끗 불멍 분위기
34,스마일카라반펜션,4.9,10,"['사안', '아이', '경치', '불멍', '겨울']",사안 아이 경치 불멍 겨울
35,자일랜드 글램핑펜션&오토캠핑장,4.3,10,"['힐링', '우중', '단풍', '경치']",힐링 우중 단풍 경치
36,아버지의숲 산정캠프,5.0,10,"['가족', '분위기', '가을', '커플', '깨끗', '수웊', '힐링', '산책', '솔로캠핑', '동물']",가족 분위기 가을 커플 깨끗 수웊 힐링 산책 솔로캠핑 동물
37,와이캠핑장,4.15,10,['운치'],운치
38,여울지숲속캠핑장,4.4,10,"['수웊', '힐링', '친구', '휴식']",수웊 힐링 친구 휴식
39,하늘숲글램핑,4.85,10,['야경'],야경
40,글램파크 글램핑 카라반,4.95,10,"['보옴', '가족', '여름', '공기', '수웊', '운치', '힐링', '경치', '겨울']",보옴 가족 여름 공기 수웊 운치 힐링 경치 겨울
41,새연 카라반 글램핑 현리1호점,3.85,10,"['별빛', '가족', '분위기', '감성', '아이', '경치', '불멍', '계곡']",별빛 가족 분위기 감성 아이 경치 불멍 계곡
42,범산골캠핑장,4.75,10,"['산책', '가족']",산책 가족
43,블루마린 오토캠핑장,3.95,10,['운치'],운치
44,푸른숲캠핑장,3.6,10,['경치'],경치
45,호수카라반캠핑장,4.6,10,"['친구', '분위기', '반려동물', '노을', '힐링', '산책', '경치', '호수', '불멍']",친구 분위기 반려동물 노을 힐링 산책 경치 호수 불멍
46,엄소리오토캠핑장,4.15,10,"['분위기', '가을', '깨끗', '겨울', '계곡']",분위기 가을 깨끗 겨울 계곡
47,메이플글램핑,5.0,10,"['가족', '분위기', '가을', '커플', '힐링', '불멍']",가족 분위기 가을 커플 힐링 불멍
48,선녀와나무꾼캠핑장,4.35,10,"['친구', '분위기', '공기', '힐링', '동물']",친구 분위기 공기 힐링 동물
49,서삼릉청소년야영장,4.2,10,"['가을', '보옴', '겨울', '여름']",가을 보옴 겨울 여름
50,하마캠핑장,4.45,10,['가족'],가족
51,골드펫리조트,4.25,10,"['반려동물', '경치']",반려동물 경치
52,채움카라반글램핑리조트,4.9,10,"['불멍', '가족', '계곡']",불멍 가족 계곡
53,오렌지글램핑,3.85,10,"['여름', '불멍', '아이', '가족']",여름 불멍 아이 가족
54,보고 글램핑,4.5,10,"['친절', '반려동물', '가족']",친절 반려동물 가족
55,HJ글램핑,5.0,10,"['가족', '분위기']",가족 분위기
56,럭셔리 안성M글램핑카라반,4.8,10,"['친구', '가족', '분위기']",친구 가족 분위기
57,올덴펜션카라반캠핑장,4.05,10,"['가족', '분위기', '공기', '경치', '반려동물', '동물', '낭만']",가족 분위기 공기 경치 반려동물 동물 낭만
58,양평 다목적캠핑장,4.25,10,"['산책', '경치']",산책 경치
59,별다리글램핑캠핑장,4.95,10,"['공기', '깨끗', '운치', '힐링', '경치', '불멍', '겨울']",공기 깨끗 운치 힐링 경치 불멍 겨울
60,소풍캠핑장,4.2,10,"['분위기', '고요', '단풍', '경치', '계곡']",분위기 고요 단풍 경치 계곡
61,새연 글램핑카라반 포천점,3.85,10,"['공기', '경치']",공기 경치
62,다누리움 캠핑장,3.65,10,"['노을', '가족']",노을 가족
63,아쿠아마린글램핑,4.85,10,"['힐링', '운치', '감성', '휴식']",힐링 운치 감성 휴식
64,물동네힐링캠프,3.95,10,"['가족', '힐링', '경치']",가족 힐링 경치
65,산정호수돌고래캠핑장관광농원,4.7,10,['나무'],나무
66,귀한농부학교캠프,3.85,10,['분위기'],분위기
67,와이글램핑,4.55,10,"['친구', '힐링', '불멍', '동물', '계곡']",친구 힐링 불멍 동물 계곡
68,달빛애견글램핑 럭셔리수영장,5.0,10,"['깨끗', '반려동물', '별빛', '분위기']",깨끗 반려동물 별빛 분위기
69,써니힐즈 오토캠핑장,4.65,10,['가족'],가족
70,캠프레이크,4.45,10,"['가족', '가을', '힐링', '산책', '경치', '호수', '반려동물']",가족 가을 힐링 산책 경치 호수 반려동물
71,숲속의쉼터,4.75,10,['분위기'],분위기
72,위크온글램핑,4.45,10,"['불멍', '사안', '별빛']",불멍 사안 별빛
73,주금산 홀스킹덤 수영장 글램핑,4.8,10,"['경치', '분위기']",경치 분위기
74,유명산달빛정원글램핑캠핑,5.0,10,"['별빛', '친구', '분위기', '가을', '노을', '힐링', '불멍']",별빛 친구 분위기 가을 노을 힐링 불멍
75,해와달수상카바나빌리지,4.0,10,"['힐링', '낚시', '경치']",힐링 낚시 경치
76,산우물쉼터오토캠핑장&카라반 (호수낚시),4.7,10,"['힐링', '산책', '운치', '저수지']",힐링 산책 운치 저수지
77,크리스월드더레지던스,4.4,10,['경치'],경치
78,씨엘관광농원글램핑,3.7,10,"['사안', '분위기', '반려동물', '공기', '경치', '불멍']",사안 분위기 반려동물 공기 경치 불멍
79,핀란드캠핑성,4.55,10,"['가족', '분위기', '힐링', '공기', '경치', '계곡']",가족 분위기 힐링 공기 경치 계곡
80,글램핑클럽레스피아in가평1호점,3.25,10,"['사안', '별빛', '분위기', '공기', '운치']",사안 별빛 분위기 공기 운치
81,솔다람숲 힐링파크,4.55,10,"['불멍', '사안', '경치']",불멍 사안 경치
82,파주캠핑장,4.8,10,"['힐링', '가족']",힐링 가족
83,호수산장캠핑장,2.2,10,"['수웊', '경치']",수웊 경치
84,참살이 오토가족캠핑장,4.7,10,"['별빛', '가족', '힐링', '산책', '친절', '경치', '반려동물', '겨울']",별빛 가족 힐링 산책 친절 경치 반려동물 겨울
85,산으로 간 니모 글램핑&오토캠핑장,4.1,10,"['힐링', '여름', '경치', '계곡']",힐링 여름 경치 계곡
86,카라반캠프,4.85,10,"['불멍', '바다']",불멍 바다
87,새연 카라반 글램핑 설악2호점,3.85,10,['여름'],여름
88,양평키즈글램핑,4.2,10,"['깨끗', '아이']",깨끗 아이
89,초리포레스트,4.85,10,"['가을', '가족']",가을 가족
90,마장호수휴캠핑장,4.2,10,"['호수', '노을', '경치', '사안']",호수 노을 경치 사안
91,더휴글램핑,4.6,10,"['가족', '가을', '깨끗', '힐링', '운치', '공기', '불멍']",가족 가을 깨끗 힐링 운치 공기 불멍
92,가평설악 하늘계곡 캠핑장,4.8,10,"['보옴', '사안', '별빛', '우중', '공기', '친절', '계곡']",보옴 사안 별빛 우중 공기 친절 계곡
93,산정호수 가족글램핑장,4.65,10,"['산책', '사안', '가족', '분위기']",산책 사안 가족 분위기
94,가평 네잎클로버 카라반 글램핑,4.9,10,"['친구', '가족', '분위기']",친구 가족 분위기
95,해솔길캠핑장,4.2,10,['친절'],친절
96,백운계곡 썬오브 글램핑카라반,4.75,10,"['불멍', '친구', '여름', '계곡']",불멍 친구 여름 계곡
97,철이네캠핑랜드 수영장 글램핑,4.45,10,"['힐링', '불멍', '분위기']",힐링 불멍 분위기
98,금광관광농원캠핑장,4.85,10,['별빛'],별빛
99,클럽레스피아 in 남양주2호점,2.9,10,"['힐링', '친구', '가족']",힐링 친구 가족
100,더설렘글램핑,5.0,10,"['분위기', '감성', '여름', '힐링', '불멍']",분위기 감성 여름 힐링 불멍
101,율곡관광농원 오토캠핑장,4.9,10,"['경치', '분위기']",경치 분위기
102,메타피아 오래캠핑장,4.9,10,"['별빛', '가족', '깨끗', '경치', '계곡']",별빛 가족 깨끗 경치 계곡
103,양평드림캠핑장,4.15,10,"['하천', '경치']",하천 경치
104,기산골캠핑장,4.65,10,"['가족', '산책', '경치', '관광', '호수']",가족 산책 경치 관광 호수
105,깊이울캠핑장,4.35,10,"['불멍', '경치', '계곡']",불멍 경치 계곡
106,캡틴카라반,4.9,10,"['동물', '친절']",동물 친절
107,링크독애견파크 글램핑&오토캠핑장,4.0,10,"['친절', '반려동물', '경치']",친절 반려동물 경치
108,상아골계곡오토캠핑장,3.7,10,"['동물', '가족', '계곡']",동물 가족 계곡
109,별밤글램핑,4.55,10,['공기'],공기
110,각흘계곡캠핑장,4.9,10,"['친절', '계곡']",친절 계곡
111,대부도 나라펜션캠핑장,4.45,10,"['노을', '경치']",노을 경치
112,천사봉캠핑장,4.75,10,"['경치', '단풍', '가족']",경치 단풍 가족
113,백운계곡글램핑,4.0,10,"['계곡', '분위기']",계곡 분위기
114,서종힐링캠핑장,4.6,10,"['가족', '친절', '별빛', '경치']",가족 친절 별빛 경치
115,이지캠핑장,4.35,10,"['힐링', '친구', '가족', '계곡']",힐링 친구 가족 계곡
116,어거스트캠핑장,4.85,10,"['사안', '가족', '노을', '수웊', '깨끗', '경치', '불멍']",사안 가족 노을 수웊 깨끗 경치 불멍
117,큰마당캠핑장,3.5,10,"['가족', '여름', '경치', '분위기']",가족 여름 경치 분위기
118,티앤글램핑,4.85,10,"['힐링', '여름', '계곡']",힐링 여름 계곡
119,문앤스타 캠핑장,4.9,10,"['가을', '공원', '별빛', '아이']",가을 공원 별빛 아이
120,은하캠프 오토캠핑장&방갈로민박,4.3,10,"['깨끗', '사안', '가족', '우중']",깨끗 사안 가족 우중
121,아만다키즈글램핑,5.0,10,"['산책', '낚시', '겨울', '계곡']",산책 낚시 겨울 계곡
122,수입리캠핑장,4.95,10,"['가족', '가을', '여름', '깨끗', '물멍', '불멍', '겨울', '계곡']",가족 가을 여름 깨끗 물멍 불멍 겨울 계곡
123,달빛캠핑장,4.6,10,"['불멍', '사안', '경치', '힐링']",불멍 사안 경치 힐링
124,명성산글램핑,4.85,10,"['힐링', '불멍']",힐링 불멍
125,캠프리카 오토캠핑장,4.05,10,"['힐링', '휴식']",힐링 휴식
126,여주카라반,4.7,10,"['공기', '힐링']",공기 힐링
127,우니메이카 연천점,4.9,10,"['불멍', '별빛', '가족', '분위기']",불멍 별빛 가족 분위기
128,가평별빛누리글램핑,4.25,10,"['사안', '별빛', '친구', '힐링', '공기', '경치', '호수', '불멍']",사안 별빛 친구 힐링 공기 경치 호수 불멍
129,글램핑앤카라반,4.1706666666666665,375,"['분위기', '감성', '깨끗', '운치', '별빛', '친구', '야경', '가족', '고요', '노을', '커플', '힐링', '공기', '경치', '반려동물', '불멍', '낭만', '바다', '여름', '친절', '일몰', '감상', '산책', '겨울']",분위기 감성 깨끗 운치 별빛 친구 야경 가족 고요 노을 커플 힐링 공기 경치 반려동물 불멍 낭만 바다 여름 친절 일몰 감상 산책 겨울
130,용수그린랜드 글램핑,4.85,10,"['분위기', '수웊', '불멍', '운치', '힐링', '경치', '반려동물', '겨울', '계곡']",분위기 수웊 불멍 운치 힐링 경치 반려동물 겨울 계곡
131,포천글램핑앤카라반,4.9,10,"['힐링', '불멍', '휴식', '가족']",힐링 불멍 휴식 가족
132,산촌캠핑,4.65,10,['깨끗'],깨끗
133,아롱별캠핑장,4.7,10,"['사안', '별빛', '깨끗', '관광', '친절', '경치']",사안 별빛 깨끗 관광 친절 경치
134,알멕스랜드,4.35,10,"['수웊', '공기']",수웊 공기
135,또올래캠핑장,4.2,10,['친절'],친절
136,안성 내츄럴리조트 애견캠핑장,4.8,10,"['산책', '반려동물', '가족']",산책 반려동물 가족
137,파이브이모션 by mygear,4.75,10,"['힐링', '별빛', '경치', '분위기']",힐링 별빛 경치 분위기
138,글램핑클럽레스피아 in 남양주수동계곡,3.15,10,['분위기'],분위기
139,우니메이카 가평점,4.65,10,"['힐링', '가족']",힐링 가족
140,개울가오토캠핑장,4.75,10,"['접근성', '아이', '경치']",접근성 아이 경치
141,캠핑소리251,4.55,10,"['반려동물', '커플', '가족']",반려동물 커플 가족
142,자연의꿈 캠핑장,4.9,10,"['아이', '별빛', '감성', '가족']",아이 별빛 감성 가족
143,남이섬베스트카라반글램핑,4.75,10,['가족'],가족
144,양평카라반파파 글램핑,4.9,10,"['가족', '분위기', '친절', '불멍', '계곡']",가족 분위기 친절 불멍 계곡
145,양주 두리캠핑장,4.55,10,"['노을', '겨울']",노을 겨울
146,푸른섬캠핑장,4.9,10,"['가족', '바다', '가을', '분위기', '힐링', '겨울']",가족 바다 가을 분위기 힐링 겨울
147,융프라우펜션캠핑장,3.85,10,"['별빛', '친구', '가족']",별빛 친구 가족
148,양주패밀리캠핑장,4.35,10,"['가족', '운치', '경치']",가족 운치 경치
149,별밤 야영장 글램핑,3.0,10,['반려동물'],반려동물
150,구봉산오토캠핑장나인힐스,4.666666666666667,6,"['가족', '분위기']",가족 분위기
151,문수골힐링캠핑장,3.35,10,"['가족', '경치']",가족 경치
152,캠핑플래닛,4.6,10,"['가족', '분위기', '가을', '반딧불', '깨끗', '경치', '반려동물']",가족 분위기 가을 반딧불 깨끗 경치 반려동물
153,죠스글램핑,4.5,10,"['친구', '고요', '반려동물', '수웊', '힐링', '불멍', '겨울']",친구 고요 반려동물 수웊 힐링 불멍 겨울
154,비타민캠핑장,4.1,10,"['우중', '아이', '계곡']",우중 아이 계곡
155,가평물골숲계곡오토캠핑장,4.7,10,"['가족', '가을', '깨끗', '경치', '나무']",가족 가을 깨끗 경치 나무
156,캠프통아일랜드,4.5,10,"['하천', '가족', '가을', '여름', '접근성', '깨끗', '친절', '경치']",하천 가족 가을 여름 접근성 깨끗 친절 경치
157,글램핑클럽레스피아in파주,3.25,10,"['가족', '분위기']",가족 분위기
158,서후리캠핑장,4.6,10,"['사안', '우중', '여름', '깨끗', '친절', '계곡']",사안 우중 여름 깨끗 친절 계곡
159,산음숲 자연학교 오토캠핑장,4.6,10,"['겨울', '가족']",겨울 가족
160,클럽노블픽,5.0,1,['사안'],사안
161,강나루야영장,4.9,10,"['깨끗', '노을', '별빛', '접근성']",깨끗 노을 별빛 접근성
162,산음캠핑,4.65,10,"['힐링', '감상', '사안']",힐링 감상 사안
163,명돈골캠핑장,4.45,10,"['사안', '여름', '계곡']",사안 여름 계곡
164,마운틴캠핑장,4.9,10,"['공기', '겨울', '경치']",공기 겨울 경치
165,용인대장금파크캠핑장,4.75,10,['공기'],공기
166,도마치캠핑장,4.9,10,"['깨끗', '반려동물', '가족', '계곡']",깨끗 반려동물 가족 계곡
167,카라반베이,3.8,10,"['가을', '여름', '가족', '분위기']",가을 여름 가족 분위기
168,yc글램핑,4.75,10,"['사안', '분위기', '힐링', '운치', '경치']",사안 분위기 힐링 운치 경치
169,가평카라반캠핑농원,4.6,10,"['힐링', '불멍']",힐링 불멍
170,가평힐링캠프,4.2,10,"['수웊', '힐링', '경치', '공기']",수웊 힐링 경치 공기
171,자연밸리 글램핑,2.45,10,"['가족', '친절', '힐링', '경치']",가족 친절 힐링 경치
172,블루문펜션캠핑장,4.65,10,"['공기', '운치', '경치', '힐링']",공기 운치 경치 힐링
173,팀업캠퍼스 더포레스트캠핑장,4.9,10,"['힐링', '가족']",힐링 가족
174,캠핑코리아 애견글램핑,4.15,10,"['경치', '반려동물', '계곡', '분위기']",경치 반려동물 계곡 분위기
175,연인산다목적캠핑장,4.65,10,"['공기', '사안']",공기 사안
176,몬테비얀코 캠핑장,4.65,10,"['공기', '사안', '분위기']",공기 사안 분위기
177,연천당포성캠핑장,4.1,10,"['경치', '산책', '별빛', '가족']",경치 산책 별빛 가족
178,잔디팜 애견캠핑글램핑,4.05,10,['반려동물'],반려동물
179,잣향기푸른숲캠핑장,4.2,10,"['가족', '아이', '공기', '겨울', '계곡']",가족 아이 공기 겨울 계곡
180,산아래캠핑장,4.7,10,"['힐링', '별빛', '계곡']",힐링 별빛 계곡
181,아이에프에이캠프운악,4.7,10,['친절'],친절
182,화현계곡 럭셔리 운악산글램핑,4.65,10,"['산책', '노을', '계곡']",산책 노을 계곡
183,클럽프라비다 카라반글램핑,4.9,10,"['불멍', '동물', '경치', '계곡']",불멍 동물 경치 계곡
184,엘리캠핑,4.8,10,['힐링'],힐링
185,지지밸리유명산장오토캠핑장,4.0,2,"['공기', '사안']",공기 사안
186,광교호수공원 가족캠핑장,4.7,10,"['호수', '공원', '산책', '운치']",호수 공원 산책 운치
187,청평원레저타운,4.7,10,"['사안', '분위기']",사안 분위기
188,대부도 동서가든 오토캠핑장,4.15,10,"['힐링', '경치', '바다']",힐링 경치 바다
189,아지트글램핑,4.9,10,"['친절', '아이', '가족']",친절 아이 가족
190,사나래글램핑,4.7,10,"['가족', '아이', '여름', '힐링', '경치', '계곡']",가족 아이 여름 힐링 경치 계곡
191,보리산 캠핑장,5.0,10,"['노을', '아이', '가족']",노을 아이 가족
192,글램핑코리아 양주애견점,3.65,10,"['분위기', '여름', '경치', '친절', '불멍', '겨울']",분위기 여름 경치 친절 불멍 겨울
193,올래캠핑장,5.0,4,"['사안', '가족', '힐링', '불멍', '계곡']",사안 가족 힐링 불멍 계곡
194,플레이랜드 캠핑장,4.2,10,"['사안', '동물', '가족']",사안 동물 가족
195,물꽃카라반펜션&오토캠핑장,4.75,10,['경치'],경치
196,광릉숲이야기캠핑장,4.9,10,"['친절', '나무', '가족', '분위기']",친절 나무 가족 분위기
197,남양주 산속캠핑장펜션,4.25,10,"['힐링', '보옴', '반려동물', '가족']",힐링 보옴 반려동물 가족
198,광릉 해오름글램핑,4.3,10,['경치'],경치
199,토토큰바위캠프,4.333333333333333,3,['경치'],경치
200,호명산잣나무숲속캠핑장,4.4,5,"['수웊', '불멍', '접근성', '공기']",수웊 불멍 접근성 공기
201,중바위캠핑장,3.9,10,"['힐링', '운치', '계곡']",힐링 운치 계곡
202,백자동캠핑장,4.7,10,"['여름', '가족', '계곡']",여름 가족 계곡
203,글램바오 펜션&글램핑,3.95,10,"['가족', '공기', '힐링', '경치']",가족 공기 힐링 경치
204,힐포인트 키친,4.05,10,"['반려동물', '가족']",반려동물 가족
205,삼화리동광캠핑장,4.8,10,['경치'],경치
206,미술관옆캠핑장,5.0,3,['계곡'],계곡
207,그림책동화마을품캠핑장,4.75,10,"['별빛', '가족', '공기', '힐링', '불멍']",별빛 가족 공기 힐링 불멍
208,금물산 하늘소 캠프,4.35,10,"['가족', '여름', '수웊', '힐링', '계곡']",가족 여름 수웊 힐링 계곡
209,살롱드캠핑,2.7,10,['가족'],가족
210,용소캠핑장,4.35,10,"['사안', '별빛', '공기', '경치', '계곡']",사안 별빛 공기 경치 계곡
211,캠프 예그리나,5.0,10,"['보옴', '가족', '여름', '벚꽃', '힐링']",보옴 가족 여름 벚꽃 힐링
212,운악승마캠핑 수영장카라반글램핑,4.7,10,"['가족', '불멍', '운치', '여름']",가족 불멍 운치 여름
213,민트글램핑,5.0,10,"['별빛', '친구', '가족', '가을', '노을', '커플', '깨끗', '산책', '단풍', '경치']",별빛 친구 가족 가을 노을 커플 깨끗 산책 단풍 경치
214,포레스트카라반랜드 럭셔리수영장,4.05,10,['깨끗'],깨끗
215,힐링레저캠핑장&글램핑,3.8,10,"['힐링', '경치']",힐링 경치
216,별마로빌리지,4.4,10,"['여름', '별빛', '경치']",여름 별빛 경치
217,휴토피아 글램핑&펜션,4.833333333333333,12,"['깨끗', '운치', '경치', '분위기']",깨끗 운치 경치 분위기
218,계방산오토캠핑장,4.8,10,"['별빛', '가을', '공기', '경치', '반려동물', '계곡']",별빛 가을 공기 경치 반려동물 계곡
219,캄파슬로우,4.75,10,"['보옴', '가족', '분위기', '여름', '힐링', '운치']",보옴 가족 분위기 여름 힐링 운치
220,답게,4.85,10,"['보옴', '감성', '힐링', '경치', '불멍']",보옴 감성 힐링 경치 불멍
221,더시크릿가든 캠프지라운드 글램핑카라반,4.7,10,"['힐링', '분위기']",힐링 분위기
222,왕터리조트,4.3,10,"['호수', '친구', '경치', '분위기']",호수 친구 경치 분위기
223,맹방비치캠핑장,3.95,10,"['깨끗', '산책', '바다']",깨끗 산책 바다
224,프라임 캠핑장,4.35,10,['힐링'],힐링
225,오크밸리카라반캠핑장,3.8,10,"['불멍', '가족']",불멍 가족
226,싸리목캠핑장,4.65,10,"['사안', '별빛', '가족', '수웊', '힐링', '계곡']",사안 별빛 가족 수웊 힐링 계곡
227,보보스캇 펜션캠핑장,3.9,10,"['보옴', '가족', '분위기', '가을', '힐링', '산책', '단풍', '친절', '겨울']",보옴 가족 분위기 가을 힐링 산책 단풍 친절 겨울
228,샘골솔밭야영장,4.6,10,"['여름', '운치', '경치', '계곡']",여름 운치 경치 계곡
229,솔밭캠프장,4.5,10,"['친절', '접근성', '계곡']",친절 접근성 계곡
230,캠프에이프릴,5.0,10,"['친구', '분위기', '고요', '감성', '힐링', '경치', '반려동물']",친구 분위기 고요 감성 힐링 경치 반려동물
231,원주두리캠핑장,4.7,5,['친절'],친절
232,히어리캠핑장,4.1,10,"['가을', '힐링', '단풍', '경치', '계곡']",가을 힐링 단풍 경치 계곡
233,마루노리캠핑장,3.9,10,"['공기', '깨끗', '분위기']",공기 깨끗 분위기
234,엘리시안 캠핑플레이스,4.9,10,"['가족', '깨끗', '산책', '힐링', '겨울']",가족 깨끗 산책 힐링 겨울
235,미약골 계곡 서석 오토캠핑장,4.5555555555555545,9,"['공기', '우중', '계곡']",공기 우중 계곡
236,강촌하늘아래글램핑,4.4,10,['분위기'],분위기
237,오페라 럭셔리글램핑,4.6,10,"['가족', '분위기', '커플', '깨끗', '힐링', '경치', '동물']",가족 분위기 커플 깨끗 힐링 경치 동물
238,숲속의 아침 오토캠핑장,5.0,10,"['사안', '공기', '힐링', '친절', '겨울']",사안 공기 힐링 친절 겨울
239,속초밤하늘글램핑,4.55,10,"['사안', '친구', '가족', '분위기', '노을', '감성', '힐링', '산책', '운치', '경치', '낭만']",사안 친구 가족 분위기 노을 감성 힐링 산책 운치 경치 낭만
240,달콤한캠핑장,4.7,10,['반려동물'],반려동물
241,대관령솔내음오토캠핑장,4.625,8,"['힐링', '친구', '가족', '계곡']",힐링 친구 가족 계곡
242,버즈글램핑,4.6,10,"['친구', '가족', '운치', '경치', '불멍']",친구 가족 운치 경치 불멍
243,쪽빛하늘펜션캠핑장,4.15,10,"['별빛', '가족', '계곡']",별빛 가족 계곡
244,우리두리글램핑,4.7,10,"['가족', '반려동물', '접근성', '산책', '불멍', '동물', '계곡']",가족 반려동물 접근성 산책 불멍 동물 계곡
245,그레이스글램핑,4.6,10,"['불멍', '친구']",불멍 친구
246,솔밭가족캠프촌,3.6875,8,['운치'],운치
247,자연에머물다,5.0,10,"['보옴', '분위기', '가을', '공기', '겨울', '동물']",보옴 분위기 가을 공기 겨울 동물
248,칡소폭포 캠핑장&펜션,4.6,10,"['별빛', '깨끗', '공기', '힐링', '경치', '친절', '겨울', '계곡']",별빛 깨끗 공기 힐링 경치 친절 겨울 계곡
249,검산별빛캠핑장,4.8,10,"['가족', '가을', '여름', '힐링', '경치', '계곡']",가족 가을 여름 힐링 경치 계곡
250,파인트리캠핑장,4.85,10,"['사안', '친구', '가족', '고요', '공기', '힐링', '경치']",사안 친구 가족 고요 공기 힐링 경치
251,보물섬 캠핑장,4.85,10,"['별빛', '친구', '분위기', '가을', '여름', '운치', '낭만', '계곡']",별빛 친구 분위기 가을 여름 운치 낭만 계곡
252,강릉 경포 카라반파크,3.2,10,"['반려동물', '바다', '경치', '분위기']",반려동물 바다 경치 분위기
253,춘천캠핑월드,3.7,10,"['공기', '사안', '경치']",공기 사안 경치
254,느티나무 캠핑장,4.75,10,"['경치', '여름', '가족', '계곡']",경치 여름 가족 계곡
255,강릉 노추산 힐링캠프,4.8,10,"['가족', '여름', '공기', '수웊', '힐링', '경치', '계곡']",가족 여름 공기 수웊 힐링 경치 계곡
256,하늘바라기글램핑,4.75,10,"['가족', '분위기', '감성', '깨끗', '공기', '힐링', '동물']",가족 분위기 감성 깨끗 공기 힐링 동물
257,바다캠핑장,4.75,4,['바다'],바다
258,솔바다카라반캠핑장,4.753731343283582,335,"['보옴', '시골', '분위기', '감성', '벚꽃', '깨끗', '운치', '별빛', '친구', '가족', '고요', '커플', '힐링', '공기', '관광', '반려동물', '불멍', '낭만', '바다', '여름', '친절', '나무', '가을', '수웊', '산책', '낚시', '휴식', '겨울', '동물']",보옴 시골 분위기 감성 벚꽃 깨끗 운치 별빛 친구 가족 고요 커플 힐링 공기 관광 반려동물 불멍 낭만 바다 여름 친절 나무 가을 수웊 산책 낚시 휴식 겨울 동물
259,포안캠핑장,4.784688995215312,209,"['사안', '별빛', '가족', '분위기', '가을', '우중', '커플', '여름', '감성', '깨끗', '힐링', '관광', '공기', '경치', '친절', '동물', '계곡']",사안 별빛 가족 분위기 가을 우중 커플 여름 감성 깨끗 힐링 관광 공기 경치 친절 동물 계곡
260,살구나무글램핑,4.95,10,"['친구', '가족', '아이', '경치', '반려동물', '계곡']",친구 가족 아이 경치 반려동물 계곡
261,진밭골향기 캠핑장,4.65,10,['친절'],친절
262,캠핑느루,5.0,10,"['공기', '깨끗', '힐링', '관광', '경치', '친절', '불멍', '계곡']",공기 깨끗 힐링 관광 경치 친절 불멍 계곡
263,펫힐링 달빛동물원&오토캠핑장,4.75,456,"['보옴', '별빛', '친구', '가족', '분위기', '가을', '고요', '아이', '여름', '깨끗', '산책', '힐링', '친절', '경치', '휴식']",보옴 별빛 친구 가족 분위기 가을 고요 아이 여름 깨끗 산책 힐링 친절 경치 휴식
264,운학계곡 슬로우캠프 펜션캠핑장(무릉도원),4.7,10,"['가을', '별빛', '가족']",가을 별빛 가족
265,캐나디언카누클럽캠핑장,5.0,5,"['힐링', '가족']",힐링 가족
266,용오름캠핑장,4.85,10,"['별빛', '가족', '분위기', '여름', '공기', '경치', '나무', '계곡']",별빛 가족 분위기 여름 공기 경치 나무 계곡
267,캠프오슬로,4.88421052631579,95,"['분위기', '감성', '깨끗', '운치', '가족', '고요', '커플', '힐링', '경치', '반려동물', '바다', '여름', '친절', '계곡', '가을', '우중', '일몰', '감상', '산책', '낚시', '수웊', '휴식', '동물']",분위기 감성 깨끗 운치 가족 고요 커플 힐링 경치 반려동물 바다 여름 친절 계곡 가을 우중 일몰 감상 산책 낚시 수웊 휴식 동물
268,늘솔길캠핑장,4.592198581560283,141,"['보옴', '시골', '분위기', '깨끗', '운치', '별빛', '가족', '커플', '힐링', '공기', '경치', '반려동물', '불멍', '접근성', '아이', '여름', '단풍', '친절', '계곡', '사안', '우중', '휴식', '겨울']",보옴 시골 분위기 깨끗 운치 별빛 가족 커플 힐링 공기 경치 반려동물 불멍 접근성 아이 여름 단풍 친절 계곡 사안 우중 휴식 겨울
269,아날로거 무릉도원점,4.9,10,"['별빛', '힐링', '경치', '불멍', '계곡']",별빛 힐링 경치 불멍 계곡
270,우니메이카 양양점,4.95,10,"['힐링', '휴식']",힐링 휴식
271,럭셔리글램핑 바누,4.8,10,"['가족', '힐링', '경치', '불멍', '동물', '낭만']",가족 힐링 경치 불멍 동물 낭만
272,그랑블루글램핑&펜션,4.55,10,"['불멍', '반려동물', '가족']",불멍 반려동물 가족
273,가온휴양빌리지,4.6,10,"['별빛', '깨끗', '힐링', '공기', '친절']",별빛 깨끗 힐링 공기 친절
274,우니메이카 홍천점,4.95,10,"['가을', '공기', '운치', '힐링']",가을 공기 운치 힐링
275,홍천반딧불캠핑장,4.978260869565218,23,"['사안', '별빛', '가족', '힐링', '동물', '계곡']",사안 별빛 가족 힐링 동물 계곡
276,캠누리오토캠핑장,4.333333333333333,111,"['사안', '시골', '가족', '노을', '여름', '깨끗', '산책', '수웊', '힐링', '공기', '친절', '경치', '계곡']",사안 시골 가족 노을 여름 깨끗 산책 수웊 힐링 공기 친절 경치 계곡
277,여차울캠핑장,4.752747252747253,182,"['보옴', '분위기', '감성', '깨끗', '운치', '별빛', '친구', '가족', '고요', '커플', '힐링', '공기', '경치', '바다', '아이', '여름', '단풍', '친절', '계곡', '사안', '낚시', '휴식', '겨울', '동물']",보옴 분위기 감성 깨끗 운치 별빛 친구 가족 고요 커플 힐링 공기 경치 바다 아이 여름 단풍 친절 계곡 사안 낚시 휴식 겨울 동물
278,살둔마을생둔분교캠핑장,4.5625,24,"['별빛', '가족', '분위기', '가을', '여름', '깨끗', '경치']",별빛 가족 분위기 가을 여름 깨끗 경치
279,힐링스토리 펜션&캠핑장,4.852941176470588,374,"['보옴', '분위기', '깨끗', '솔로캠핑', '별빛', '친구', '가족', '커플', '힐링', '공기', '경치', '반려동물', '접근성', '아이', '여름', '단풍', '친절', '나무', '계곡', '사안', '가을', '수웊', '산책', '공원', '휴식', '겨울']",보옴 분위기 깨끗 솔로캠핑 별빛 친구 가족 커플 힐링 공기 경치 반려동물 접근성 아이 여름 단풍 친절 나무 계곡 사안 가을 수웊 산책 공원 휴식 겨울
280,자연이랑캠프,4.717948717948718,117,"['사안', '편안', '별빛', '가족', '분위기', '가을', '고요', '친구', '여름', '깨끗', '힐링', '운치', '단풍', '경치', '계곡']",사안 편안 별빛 가족 분위기 가을 고요 친구 여름 깨끗 힐링 운치 단풍 경치 계곡
281,코뿔소글램핑,4.9022346368715075,179,"['보옴', '분위기', '감성', '깨끗', '운치', '별빛', '친구', '가족', '커플', '힐링', '공기', '경치', '반려동물', '불멍', '접근성', '여름', '단풍', '친절', '사안', '가을', '수웊', '산책', '휴식', '겨울']",보옴 분위기 감성 깨끗 운치 별빛 친구 가족 커플 힐링 공기 경치 반려동물 불멍 접근성 여름 단풍 친절 사안 가을 수웊 산책 휴식 겨울
282,아웃오브파크,4.471014492753623,69,"['보옴', '사안', '가족', '분위기', '가을', '커플', '여름', '경치', '불멍', '겨울']",보옴 사안 가족 분위기 가을 커플 여름 경치 불멍 겨울
283,더파크12 글램핑펜션 (호수낚시&수상방갈로),4.2919921875,512,"['분위기', '감성', '깨끗', '운치', '별빛', '친구', '가족', '고요', '노을', '커플', '힐링', '공기', '경치', '불멍', '저수지', '여름', '친절', '사안', '가을', '산책', '낚시', '호수', '겨울']",분위기 감성 깨끗 운치 별빛 친구 가족 고요 노을 커플 힐링 공기 경치 불멍 저수지 여름 친절 사안 가을 산책 낚시 호수 겨울
284,인제연가리오토캠핑장&펜션,4.515060240963855,166,"['벚꽃', '운치', '별빛', '가족', '힐링', '공기', '경치', '관광', '반려동물', '낭만', '바다', '아이', '여름', '단풍', '친절', '나무', '계곡', '사안', '가을', '우중', '산책', '동물']",벚꽃 운치 별빛 가족 힐링 공기 경치 관광 반려동물 낭만 바다 아이 여름 단풍 친절 나무 계곡 사안 가을 우중 산책 동물
285,금방아 민박 캠프장,5.0,1,['계곡'],계곡
286,송지호 오토캠핑장,4.126086956521739,230,"['가족', '바다', '공기', '힐링', '경치']",가족 바다 공기 힐링 경치
287,호반캠핑장,4.205,100,"['보옴', '사안', '별빛', '친구', '가족', '가을', '반려동물', '노을', '커플', '벚꽃', '깨끗', '산책', '힐링', '경치', '관광', '불멍', '휴식']",보옴 사안 별빛 친구 가족 가을 반려동물 노을 커플 벚꽃 깨끗 산책 힐링 경치 관광 불멍 휴식
288,횡성 온새미로 펜션&캠핑장,4.553488372093024,215,"['보옴', '분위기', '벚꽃', '깨끗', '운치', '별빛', '친구', '가족', '쾌적', '힐링', '공기', '경치', '반려동물', '아이', '여름', '단풍', '친절', '나무', '계곡', '사안', '가을', '우중', '수웊', '산책']",보옴 분위기 벚꽃 깨끗 운치 별빛 친구 가족 쾌적 힐링 공기 경치 반려동물 아이 여름 단풍 친절 나무 계곡 사안 가을 우중 수웊 산책
289,아빠가만든캠핑장,4.471875,160,"['보옴', '분위기', '깨끗', '별빛', '가족', '커플', '힐링', '공기', '경치', '반려동물', '아이', '여름', '친절', '계곡', '사안', '가을', '우중', '수웊', '감상', '산책', '휴식', '겨울']",보옴 분위기 깨끗 별빛 가족 커플 힐링 공기 경치 반려동물 아이 여름 친절 계곡 사안 가을 우중 수웊 감상 산책 휴식 겨울
290,춘천별빛캠핑장,4.514814814814816,135,"['편안', '분위기', '감성', '깨끗', '솔로캠핑', '별빛', '가족', '야경', '고요', '노을', '커플', '힐링', '경치', '아이', '여름', '친절', '사안', '가을', '산책', '감상', '겨울']",편안 분위기 감성 깨끗 솔로캠핑 별빛 가족 야경 고요 노을 커플 힐링 경치 아이 여름 친절 사안 가을 산책 감상 겨울
291,횡성동당미계곡캠핑장&동당미펜션,4.338709677419355,62,"['친구', '공기', '수웊', '힐링', '단풍', '산책', '경치', '계곡']",친구 공기 수웊 힐링 단풍 산책 경치 계곡
292,꿈의대화캠핑장,4.166666666666667,66,"['친구', '가족', '공기', '공원', '깨끗', '힐링', '산책', '경치', '계곡']",친구 가족 공기 공원 깨끗 힐링 산책 경치 계곡
293,주문진 글램핑 오토캠핑장,4.044280442804428,271,"['분위기', '깨끗', '운치', '별빛', '친구', '가족', '커플', '힐링', '공기', '경치', '관광', '불멍', '반려동물', '낭만', '바다', '여름', '친절', '계곡', '사안', '가을', '산책', '휴식', '겨울']",분위기 깨끗 운치 별빛 친구 가족 커플 힐링 공기 경치 관광 불멍 반려동물 낭만 바다 여름 친절 계곡 사안 가을 산책 휴식 겨울
294,청옥산깨비마을 카라반&오토캠핑장,4.485380116959063,342,"['보옴', '분위기', '깨끗', '운치', '별빛', '가족', '야경', '노을', '커플', '힐링', '공기', '경치', '관광', '반려동물', '접근성', '아이', '여름', '단풍', '계곡', '사안', '가을', '수웊', '산책', '겨울']",보옴 분위기 깨끗 운치 별빛 가족 야경 노을 커플 힐링 공기 경치 관광 반려동물 접근성 아이 여름 단풍 계곡 사안 가을 수웊 산책 겨울
295,솔봉골계곡 하늘그린캠프 글램핑 오토캠핑장,4.382222222222223,225,"['보옴', '분위기', '감성', '깨끗', '운치', '별빛', '친구', '가족', '고요', '커플', '힐링', '공기', '경치', '낭만', '바다', '접근성', '여름', '친절', '나무', '계곡', '사안', '가을', '우중', '수웊', '산책', '휴식', '겨울', '동물']",보옴 분위기 감성 깨끗 운치 별빛 친구 가족 고요 커플 힐링 공기 경치 낭만 바다 접근성 여름 친절 나무 계곡 사안 가을 우중 수웊 산책 휴식 겨울 동물
296,춘천숲자연휴양림캠핑장,3.918918918918919,74,"['사안', '별빛', '가족', '분위기', '가을', '공기', '수웊', '힐링', '산책', '경치', '친절']",사안 별빛 가족 분위기 가을 공기 수웊 힐링 산책 경치 친절
297,양양고인돌오토캠핑장,3.320754716981132,53,"['하천', '별빛', '가족', '여름', '공기', '수웊', '힐링', '경치', '친절', '불멍', '계곡']",하천 별빛 가족 여름 공기 수웊 힐링 경치 친절 불멍 계곡
298,외룡캠핑장,4.95,20,"['가족', '공기', '경치']",가족 공기 경치
299,해마루오토캠핑장,4.8930817610062896,159,"['편안', '분위기', '깨끗', '별빛', '가족', '커플', '힐링', '공기', '경치', '반려동물', '불멍', '여름', '단풍', '친절', '계곡', '사안', '가을', '산책', '휴식']",편안 분위기 깨끗 별빛 가족 커플 힐링 공기 경치 반려동물 불멍 여름 단풍 친절 계곡 사안 가을 산책 휴식
300,터닝포인트카라반캠핑,4.785714285714286,112,"['분위기', '감성', '별빛', '친구', '가족', '야경', '고요', '커플', '힐링', '공기', '경치', '관광', '불멍', '여름', '반딧불', '계곡', '사안', '가을', '수웊', '휴식', '겨울']",분위기 감성 별빛 친구 가족 야경 고요 커플 힐링 공기 경치 관광 불멍 여름 반딧불 계곡 사안 가을 수웊 휴식 겨울
301,삼척엘림캠핑장,4.445701357466064,663,"['보옴', '분위기', '감성', '벚꽃', '깨끗', '운치', '별빛', '친구', '가족', '고요', '커플', '힐링', '공기', '경치', '관광', '반려동물', '불멍', '바다', '접근성', '아이', '여름', '단풍', '친절', '나무', '계곡', '사안', '하천', '가을', '수웊', '산책', '감상', '동물']",보옴 분위기 감성 벚꽃 깨끗 운치 별빛 친구 가족 고요 커플 힐링 공기 경치 관광 반려동물 불멍 바다 접근성 아이 여름 단풍 친절 나무 계곡 사안 하천 가을 수웊 산책 감상 동물
302,월드니스 오토캠핑장,4.506696428571429,224,"['분위기', '깨끗', '별빛', '가족', '힐링', '공기', '경치', '관광', '반려동물', '바다', '아이', '여름', '친절', '계곡', '사안', '가을', '우중', '산책', '낚시', '호수']",분위기 깨끗 별빛 가족 힐링 공기 경치 관광 반려동물 바다 아이 여름 친절 계곡 사안 가을 우중 산책 낚시 호수
303,홍천고인돌오토캠핑장,4.4640883977900545,181,"['하천', '별빛', '친구', '가족', '분위기', '가을', '여름', '깨끗', '산책', '운치', '낚시', '힐링', '경치', '친절', '단풍', '불멍', '계곡']",하천 별빛 친구 가족 분위기 가을 여름 깨끗 산책 운치 낚시 힐링 경치 친절 단풍 불멍 계곡
304,청간정카라반,4.3243243243243255,37,"['바다', '분위기', '여름', '힐링', '경치']",바다 분위기 여름 힐링 경치
305,영월스타글램핑,4.732776617954071,479,"['보옴', '편안', '분위기', '감성', '깨끗', '운치', '별빛', '친구', '가족', '고요', '커플', '공기', '힐링', '경치', '불멍', '낭만', '아이', '여름', '반딧불', '단풍', '친절', '계곡', '사안', '가을', '수웊', '산책', '감상', '휴식', '겨울', '동물']",보옴 편안 분위기 감성 깨끗 운치 별빛 친구 가족 고요 커플 공기 힐링 경치 불멍 낭만 아이 여름 반딧불 단풍 친절 계곡 사안 가을 수웊 산책 감상 휴식 겨울 동물
306,내리계곡솔밭캠핑장,4.7631578947368425,19,['계곡'],계곡
307,태백구문소힐링캠프,4.591836734693878,49,"['가족', '감성', '여름', '깨끗', '힐링', '경치', '겨울']",가족 감성 여름 깨끗 힐링 경치 겨울
308,월드니스,4.647058823529412,17,"['사안', '가족', '가을', '여름', '공기', '힐링', '경치', '친절']",사안 가족 가을 여름 공기 힐링 경치 친절
309,알프스밸리,4.630769230769231,65,"['별빛', '친구', '가족', '가을', '우중', '여름', '힐링', '단풍', '경치', '친절', '불멍', '계곡']",별빛 친구 가족 가을 우중 여름 힐링 단풍 경치 친절 불멍 계곡
310,천문대캠핑장,4.66,75,"['별빛', '시골', '가족', '분위기', '가을', '친구', '커플', '여름', '힐링', '공기', '친절', '경치', '솔로캠핑', '계곡']",별빛 시골 가족 분위기 가을 친구 커플 여름 힐링 공기 친절 경치 솔로캠핑 계곡
311,베이스캠프카라반,4.290404040404041,198,"['별빛', '가족', '분위기', '고요', '바다', '노을', '접근성', '여름', '깨끗', '산책', '운치', '힐링', '공기', '경치', '친절', '불멍', '겨울', '휴식']",별빛 가족 분위기 고요 바다 노을 접근성 여름 깨끗 산책 운치 힐링 공기 경치 친절 불멍 겨울 휴식
312,써니힐글램핑,4.575581395348837,86,"['사안', '별빛', '친구', '가족', '분위기', '바다', '아이', '힐링', '공기', '운치', '단풍', '경치']",사안 별빛 친구 가족 분위기 바다 아이 힐링 공기 운치 단풍 경치
313,물가솔솔캠핑장,4.911290322580644,186,"['분위기', '깨끗', '별빛', '친구', '가족', '힐링', '공기', '경치', '반려동물', '여름', '친절', '나무', '계곡', '사안', '가을', '우중', '수웊', '산책', '겨울']",분위기 깨끗 별빛 친구 가족 힐링 공기 경치 반려동물 여름 친절 나무 계곡 사안 가을 우중 수웊 산책 겨울
314,백담설화캠핑장,3.77319587628866,97,"['보옴', '사안', '별빛', '친구', '가족', '바다', '가을', '편안', '여름', '공기', '힐링', '산책', '단풍', '경치', '겨울', '계곡']",보옴 사안 별빛 친구 가족 바다 가을 편안 여름 공기 힐링 산책 단풍 경치 겨울 계곡
315,수봉야영장,4.406976744186046,129,"['사안', '별빛', '친구', '가족', '분위기', '가을', '바다', '여름', '깨끗', '힐링', '낚시', '공기', '경치', '친절', '솔로캠핑', '불멍', '계곡']",사안 별빛 친구 가족 분위기 가을 바다 여름 깨끗 힐링 낚시 공기 경치 친절 솔로캠핑 불멍 계곡
316,뉴욕카라반,4.584482758620688,290,"['보옴', '분위기', '감성', '깨끗', '운치', '별빛', '친구', '가족', '커플', '공기', '경치', '반려동물', '불멍', '낭만', '바다', '아이', '여름', '친절', '사안', '가을', '수웊', '호수', '겨울']",보옴 분위기 감성 깨끗 운치 별빛 친구 가족 커플 공기 경치 반려동물 불멍 낭만 바다 아이 여름 친절 사안 가을 수웊 호수 겨울
317,캠핑올라,4.866242038216559,157,"['편안', '시골', '분위기', '벚꽃', '운치', '솔로캠핑', '별빛', '친구', '가족', '커플', '힐링', '공기', '경치', '반려동물', '저수지', '여름', '아이', '친절', '계곡', '사안', '가을', '수웊', '산책', '감상', '휴식', '동물']",편안 시골 분위기 벚꽃 운치 솔로캠핑 별빛 친구 가족 커플 힐링 공기 경치 반려동물 저수지 여름 아이 친절 계곡 사안 가을 수웊 산책 감상 휴식 동물
318,옐로우힐글램핑,4.874581939799331,299,"['보옴', '편안', '분위기', '감성', '깨끗', '운치', '별빛', '친구', '가족', '커플', '힐링', '공기', '경치', '불멍', '접근성', '아이', '여름', '단풍', '친절', '계곡', '사안', '가을', '수웊', '산책', '휴식', '겨울', '동물']",보옴 편안 분위기 감성 깨끗 운치 별빛 친구 가족 커플 힐링 공기 경치 불멍 접근성 아이 여름 단풍 친절 계곡 사안 가을 수웊 산책 휴식 겨울 동물
319,영월약수터캠핑장,4.8,10,"['여름', '산책', '별빛', '가족']",여름 산책 별빛 가족
320,탑캠핑장글램핑,4.7,10,['분위기'],분위기
321,인제캠핑타운,4.2,10,['경치'],경치
322,월든캠프 캠핑장,4.1,10,"['산책', '친절', '바다']",산책 친절 바다
323,덕풍계곡캠핑장,4.6,10,"['공기', '힐링', '경치', '계곡']",공기 힐링 경치 계곡
324,영월별마로캠핑장,4.9,10,"['힐링', '친절', '가족', '계곡']",힐링 친절 가족 계곡
325,황금박쥐캠핑장,3.85,10,"['별빛', '분위기', '아이', '수웊', '불멍', '산책', '경치', '나무']",별빛 분위기 아이 수웊 불멍 산책 경치 나무
326,J캠핑장,4.0,10,"['사안', '가족', '깨끗', '공기', '친절', '물멍']",사안 가족 깨끗 공기 친절 물멍
327,홍천 해솔오토캠핑장,4.9,10,"['사안', '별빛', '친구', '가족', '공기', '힐링', '경치']",사안 별빛 친구 가족 공기 힐링 경치
328,툇골캠핑장,4.2,10,"['공기', '보옴', '사안', '친구']",공기 보옴 사안 친구
329,봉바위돌집,4.5,1,"['힐링', '경치', '계곡']",힐링 경치 계곡
330,태백눈꽃야영장,4.5,10,"['가족', '여름', '사안', '경치']",가족 여름 사안 경치
331,예다움캠핑장,5.0,2,['별빛'],별빛
332,힐링캠프 체험캠핑장,4.666666666666667,9,['힐링'],힐링
333,트리하우스 계곡야영장,4.4,10,"['가족', '분위기', '여름', '휴식', '불멍', '계곡']",가족 분위기 여름 휴식 불멍 계곡
334,한스캠핑장,3.0,8,"['힐링', '계곡']",힐링 계곡
335,하조대캠핑카,4.55,10,"['힐링', '동물', '여름', '바다']",힐링 동물 여름 바다
336,장호비치캠핑장,5.0,1,['경치'],경치
337,다옴 햇골 오토캠핑장,4.85,10,"['별빛', '감성', '공기', '힐링', '계곡']",별빛 감성 공기 힐링 계곡
338,인스타글램,5.0,4,"['가족', '계곡']",가족 계곡
339,북극곰 캠핑&야영장,3.2,10,"['친구', '분위기', '여름', '힐링', '경치', '겨울', '계곡']",친구 분위기 여름 힐링 경치 겨울 계곡
340,쁘띠힐링카라반,4.95,10,"['가족', '가을', '깨끗', '힐링', '친절', '겨울']",가족 가을 깨끗 힐링 친절 겨울
341,법흥계곡 꿈엔들캠프 캠핑 글램핑,4.2,10,['계곡'],계곡
342,노일강캠핑장,4.0,10,"['사안', '친구', '가족', '수웊', '솔로캠핑']",사안 친구 가족 수웊 솔로캠핑
343,휴가를부탁해 캠핑장&펜션,4.8,10,"['사안', '친구', '가족', '분위기', '가을', '반려동물', '공기', '불멍', '힐링', '친절', '휴식', '계곡']",사안 친구 가족 분위기 가을 반려동물 공기 불멍 힐링 친절 휴식 계곡
344,영월지구별캠프,4.85,10,"['공기', '휴식', '가족']",공기 휴식 가족
345,동강빌리지카라반,4.75,10,"['가족', '가을', '경치', '분위기']",가족 가을 경치 분위기
346,철원학마을캠프,5.0,10,"['분위기', '여름', '공기', '힐링', '경치', '겨울', '저수지']",분위기 여름 공기 힐링 경치 겨울 저수지
347,어썸비치 글램핑,4.8,10,"['바다', '여름', '힐링', '경치', '겨울']",바다 여름 힐링 경치 겨울
348,오색솔밭야영장,3.95,10,"['사안', '시골', '바다', '여름', '공기', '경치', '친절', '계곡']",사안 시골 바다 여름 공기 경치 친절 계곡
349,밤벌 오토캠핑장,4.7,10,['힐링'],힐링
350,글램핑클럽레스피아 in 홍천,4.55,10,"['경치', '분위기']",경치 분위기
351,자유인의카라반 가평점,3.95,10,"['가족', '아이', '여름', '계곡']",가족 아이 여름 계곡
352,몽고몽고글램핑,4.6,10,['반려동물'],반려동물
353,국립화천숲속야영장,4.25,10,"['수웊', '가족']",수웊 가족
354,행복나드리 글램핑&카라반,4.95,10,"['깨끗', '별빛', '친구', '바다']",깨끗 별빛 친구 바다
355,베이스캠프글램핑,3.65,10,['힐링'],힐링
356,우리들캠핑장,4.95,10,"['가족', '분위기', '여름', '접근성', '공기', '힐링', '계곡']",가족 분위기 여름 접근성 공기 힐링 계곡
357,감악산캠핑숲,4.875,4,['계곡'],계곡
358,별이빛나는밤에 펜션&캠핑,4.85,10,"['보옴', '별빛', '가족', '분위기', '여름', '깨끗', '힐링', '불멍', '계곡']",보옴 별빛 가족 분위기 여름 깨끗 힐링 불멍 계곡
359,회동솔향캠핑장,4.5,2,['나무'],나무
360,오크글램핑캠핑장,2.65,10,"['사안', '친절']",사안 친절
361,더좋은펜션,4.5,10,"['공기', '단풍', '가족']",공기 단풍 가족
362,새연리조트글램핑 홍천점,5.0,10,"['사안', '여름', '힐링', '경치', '친절', '계곡']",사안 여름 힐링 경치 친절 계곡
363,말보로맨,4.5,10,"['사안', '바다', '아이', '경치', '친절', '휴식']",사안 바다 아이 경치 친절 휴식
364,삿갓펜션오토캠핑장,3.75,10,"['친구', '계곡']",친구 계곡
365,용골송어와캠핑,4.4375,8,"['가족', '커플', '여름', '공기', '힐링', '경치', '계곡']",가족 커플 여름 공기 힐링 경치 계곡
366,몬테리오글램핑,5.0,10,"['친구', '가족', '힐링', '경치', '동물']",친구 가족 힐링 경치 동물
367,켄싱턴호텔 평창글램핑장,4.25,10,['경치'],경치
368,병풍바위야영장,4.45,10,"['공기', '시골']",공기 시골
369,원주매봉캠핑장,4.0,4,"['장박', '가족']",장박 가족
370,동강아름캠프,4.55,10,"['경치', '계곡']",경치 계곡
371,동강전망휴양림오토캠핑장,3.0,1,['가족'],가족
372,김삿갓계곡캠핑장,4.2,10,"['여름', '계곡']",여름 계곡
373,드위트리 글램핑,3.3,10,"['가족', '겨울', '여름']",가족 겨울 여름
374,백담고을캠핑장,3.5,3,"['가족', '계곡']",가족 계곡
375,백도오토캠핑장,4.1,10,['경치'],경치
376,오색허브농원 캠핑장,4.25,10,"['사안', '가족', '분위기', '깨끗', '친절', '계곡']",사안 가족 분위기 깨끗 친절 계곡
377,양양포레스트캠핑장,5.0,10,"['수웊', '운치', '가족', '힐링']",수웊 운치 가족 힐링
378,여울소리오토캠핑장,3.95,10,"['사안', '별빛', '분위기', '감성', '경치']",사안 별빛 분위기 감성 경치
379,007흥정계곡반딧불오토캠핑장,4.8,5,"['경치', '힐링', '가족']",경치 힐링 가족
380,화니글램핑,4.85,10,"['힐링', '불멍', '경치', '휴식']",힐링 불멍 경치 휴식
381,다옴펜션캠핑장,4.05,10,"['별빛', '친구', '여름', '경치', '장박', '계곡']",별빛 친구 여름 경치 장박 계곡
382,와라캠핑장,4.8,10,"['힐링', '별빛', '가족', '계곡']",힐링 별빛 가족 계곡
383,횡성자연휴양림캠핑장,4.4,10,"['사안', '분위기', '공기', '산책', '계곡']",사안 분위기 공기 산책 계곡
384,러빙네이쳐,4.5,1,['경치'],경치
385,아빠의 캠핑장,5.0,8,['깨끗'],깨끗
386,자연과함께 펜션캠핑장 (신축 법흥계곡),4.65,10,"['여름', '깨끗', '힐링', '경치', '계곡']",여름 깨끗 힐링 경치 계곡
387,강릉금진리321카라반,5.0,10,"['가족', '바다', '분위기', '힐링', '산책', '관광', '반려동물']",가족 바다 분위기 힐링 산책 관광 반려동물
388,만산동국민여가캠핑장,4.8,10,"['힐링', '반려동물', '계곡', '분위기']",힐링 반려동물 계곡 분위기
389,써니밸리오토캠핑장,4.41625,400,"['시골', '분위기', '깨끗', '운치', '별빛', '친구', '가족', '노을', '힐링', '공기', '경치', '불멍', '아이', '여름', '단풍', '친절', '나무', '계곡', '하천', '가을', '수웊', '물멍', '겨울']",시골 분위기 깨끗 운치 별빛 친구 가족 노을 힐링 공기 경치 불멍 아이 여름 단풍 친절 나무 계곡 하천 가을 수웊 물멍 겨울
390,천등산캠핑장,3.5,10,"['단풍', '감성', '경치']",단풍 감성 경치
391,제천캠핑랜드글램핑,4.0,10,"['경치', '보옴', '가족']",경치 보옴 가족
392,달숲캠핑장 글램핑,4.35,10,"['가족', '분위기', '공기', '수웊', '운치', '힐링', '불멍', '겨울']",가족 분위기 공기 수웊 운치 힐링 불멍 겨울
393,덕동골오토캠핑장,4.6,10,"['공기', '가족', '계곡']",공기 가족 계곡
394,덤바위캠핑장,4.35,10,['불멍'],불멍
395,하이락글램핑,4.554347826086956,322,"['시골', '분위기', '감성', '깨끗', '운치', '별빛', '친구', '가족', '노을', '커플', '힐링', '공기', '경치', '불멍', '여름', '친절', '계곡', '가을', '산책', '겨울', '동물']",시골 분위기 감성 깨끗 운치 별빛 친구 가족 노을 커플 힐링 공기 경치 불멍 여름 친절 계곡 가을 산책 겨울 동물
396,클럽멤피스 글램핑앤리조트,4.35,10,"['깨끗', '운치', '경치']",깨끗 운치 경치
397,월악한울오토캠핑장,4.85,10,"['분위기', '우중', '여름', '공기', '힐링', '경치', '불멍', '계곡']",분위기 우중 여름 공기 힐링 경치 불멍 계곡
398,충주호캠핑월드,4.3,10,"['가을', '깨끗', '친구', '경치']",가을 깨끗 친구 경치
399,제천모노레일글램핑,3.65,10,"['호수', '불멍', '경치']",호수 불멍 경치
400,옥전캠핑장,4.95,10,"['가족', '별빛', '경치', '분위기']",가족 별빛 경치 분위기
401,패밀리오토캠핑장 애견운동장,4.55,10,"['가족', '여름', '깨끗', '경치', '계곡']",가족 여름 깨끗 경치 계곡
402,청풍월드니스글램핑,4.0,10,"['별빛', '가족', '공기', '힐링', '경치']",별빛 가족 공기 힐링 경치
403,청풍호반 오토캠핑장,5.0,10,"['보옴', '가을', '깨끗', '운치', '경치', '호수']",보옴 가을 깨끗 운치 경치 호수
404,속리산사나래캠핑장,4.447257383966245,237,"['보옴', '시골', '분위기', '깨끗', '운치', '별빛', '친구', '가족', '힐링', '공기', '경치', '관광', '반려동물', '접근성', '여름', '단풍', '친절', '계곡', '하천', '가을', '산책', '낚시', '장박']",보옴 시골 분위기 깨끗 운치 별빛 친구 가족 힐링 공기 경치 관광 반려동물 접근성 여름 단풍 친절 계곡 하천 가을 산책 낚시 장박
405,햇살아래캠핑장,4.85,10,"['분위기', '아이', '접근성', '수웊', '산책', '경치', '나무', '동물']",분위기 아이 접근성 수웊 산책 경치 나무 동물
406,월악오토캠핑장,4.833333333333333,3,['경치'],경치
407,펫트리파크,4.85,10,"['친구', '가족', '분위기', '커플', '산책', '반려동물']",친구 가족 분위기 커플 산책 반려동물
408,속리산알프스캠핑장펜션,4.85,10,"['별빛', '깨끗', '힐링', '산책', '친절', '계곡']",별빛 깨끗 힐링 산책 친절 계곡
409,행복한나드리캠핑장,4.9,10,"['사안', '가족', '분위기', '가을', '여름', '공기', '겨울']",사안 가족 분위기 가을 여름 공기 겨울
410,강변캠핑장,4.35,10,"['보옴', '가을', '노을', '공기', '힐링', '감상', '단풍', '경치', '솔로캠핑', '반려동물']",보옴 가을 노을 공기 힐링 감상 단풍 경치 솔로캠핑 반려동물
411,보은글램핑,4.35,10,['친구'],친구
412,충주카누캠핑장,4.8,10,"['깨끗', '아이', '경치']",깨끗 아이 경치
413,카이로스 캠핑장,5.0,10,"['가족', '커플', '깨끗', '힐링', '경치', '친절', '호수', '불멍', '계곡']",가족 커플 깨끗 힐링 경치 친절 호수 불멍 계곡
414,화양 원탑캠핑장,4.7,10,"['물멍', '불멍', '계곡']",물멍 불멍 계곡
415,솔베이오토캠핑장&황토펜션,4.3,10,"['나무', '가족', '분위기']",나무 가족 분위기
416,덕동소풍가는날 펜션캠핑장,4.7,10,"['가족', '여름', '깨끗', '경치', '친절', '계곡']",가족 여름 깨끗 경치 친절 계곡
417,산내들민박&캠핑장,4.55,10,"['불멍', '커플']",불멍 커플
418,달재오토캠핑장,4.85,10,"['사안', '별빛', '힐링', '겨울', '계곡']",사안 별빛 힐링 겨울 계곡
419,무도글램핑,4.55,10,['친구'],친구
420,소나무숲아래,3.75,10,"['반려동물', '별빛', '계곡']",반려동물 별빛 계곡
421,시골학교캠핑장,4.789473684210527,19,['분위기'],분위기
422,하너미캠핑장,4.9,10,"['힐링', '경치', '계곡']",힐링 경치 계곡
423,단양솔티천캠핑장,4.05,10,"['공기', '힐링', '가족', '계곡']",공기 힐링 가족 계곡
424,산상낙원캠핑장펜션,4.85,10,"['힐링', '산책', '단풍', '동물', '계곡']",힐링 산책 단풍 동물 계곡
425,십자봉오토캠핑장,4.3,10,"['힐링', '경치', '계곡']",힐링 경치 계곡
426,월악 파머스 캠핑장,4.9,10,"['보옴', '사안', '가족', '여름', '수웊', '산책', '계곡']",보옴 사안 가족 여름 수웊 산책 계곡
427,코오롱스포츠캠핑파크,4.461538461538462,13,"['사안', '분위기']",사안 분위기
428,정이품송관광농원,4.5,10,"['가족', '가을', '산책', '경치', '친절']",가족 가을 산책 경치 친절
429,개차반캠핑장,4.9,10,"['깨끗', '반려동물', '친구', '힐링']",깨끗 반려동물 친구 힐링
430,덕동산마루 캠핑장,4.1,10,['단풍'],단풍
431,가마실 오토캠핑장 저수지낚시,4.7,10,"['깨끗', '경치']",깨끗 경치
432,초평밤나무캠핑장,3.2,10,"['가을', '힐링']",가을 힐링
433,깃대캠핑장,4.3,10,['친절'],친절
434,대현캠핑장,4.75,10,"['가족', '가을', '여름', '힐링', '계곡']",가족 가을 여름 힐링 계곡
435,단양포시즌카라반캠핑장,4.75,10,"['사안', '가족', '분위기', '한강', '경치']",사안 가족 분위기 한강 경치
436,단양무지개오토캠핑장,4.8,10,"['분위기', '가을', '여름', '한강', '힐링', '단풍', '경치']",분위기 가을 여름 한강 힐링 단풍 경치
437,문암생태공원캠핑장,5.0,1,"['공원', '별빛']",공원 별빛
438,멍글멍글펫글램핑,4.525,20,"['보옴', '분위기', '가을', '아이', '여름', '수웊', '반려동물']",보옴 분위기 가을 아이 여름 수웊 반려동물
439,현도오토캠핑장,4.75,10,"['노을', '여름']",노을 여름
440,월악파인오토캠핑장,5.0,3,"['친절', '경치']",친절 경치
441,프렌즈카라반캠핑,5.0,10,"['사안', '가족', '커플', '공기', '힐링', '반려동물', '겨울']",사안 가족 커플 공기 힐링 반려동물 겨울
442,모드니애캠핑장펜션,4.75,10,"['여름', '계곡']",여름 계곡
443,한스빌리지캠핑장,4.666666666666667,9,"['가족', '여름', '공기', '힐링', '관광']",가족 여름 공기 힐링 관광
444,쌍곡예당,4.142857142857143,7,['계곡'],계곡
445,칠성농산물판매오토캠핑장,5.0,3,['친절'],친절
446,평산오토캠핑장,2.5,10,['계곡'],계곡
447,리더스캠핑장,5.0,1,"['가족', '여름', '계곡']",가족 여름 계곡
448,사계절오토캠핑장,4.095446584938704,571,"['분위기', '감성', '깨끗', '별빛', '친구', '가족', '커플', '힐링', '공기', '경치', '반려동물', '낭만', '접근성', '아이', '여름', '단풍', '친절', '계곡', '사안', '가을', '우중', '수웊', '산책', '겨울']",분위기 감성 깨끗 별빛 친구 가족 커플 힐링 공기 경치 반려동물 낭만 접근성 아이 여름 단풍 친절 계곡 사안 가을 우중 수웊 산책 겨울
449,클럽아이리스,4.563427800269905,741,"['분위기', '벚꽃', '깨끗', '운치', '별빛', '친구', '가족', '노을', '커플', '힐링', '공기', '경치', '저수지', '접근성', '아이', '여름', '친절', '사안', '가을', '감상', '산책', '휴식', '겨울']",분위기 벚꽃 깨끗 운치 별빛 친구 가족 노을 커플 힐링 공기 경치 저수지 접근성 아이 여름 친절 사안 가을 감상 산책 휴식 겨울
450,학암포 퍼스트 카라반,4.002331002331002,429,"['보옴', '편안', '분위기', '깨끗', '친구', '가족', '고요', '노을', '커플', '힐링', '공기', '경치', '반려동물', '불멍', '낭만', '바다', '접근성', '아이', '여름', '친절', '가을', '일몰', '물멍', '겨울']",보옴 편안 분위기 깨끗 친구 가족 고요 노을 커플 힐링 공기 경치 반려동물 불멍 낭만 바다 접근성 아이 여름 친절 가을 일몰 물멍 겨울
451,신두57캠핑장,4.5625,24,"['가족', '깨끗', '경치', '바다']",가족 깨끗 경치 바다
452,마검포힐링캠핑장,4.917142857142856,700,"['보옴', '분위기', '깨끗', '운치', '솔로캠핑', '별빛', '친구', '가족', '고요', '노을', '쾌적', '커플', '힐링', '공기', '경치', '불멍', '바다', '접근성', '아이', '여름', '친절', '나무', '가을', '일몰', '산책', '감상', '낚시', '수웊', '물멍', '겨울']",보옴 분위기 깨끗 운치 솔로캠핑 별빛 친구 가족 고요 노을 쾌적 커플 힐링 공기 경치 불멍 바다 접근성 아이 여름 친절 나무 가을 일몰 산책 감상 낚시 수웊 물멍 겨울
453,삼원레져타운캠핑장,4.534514925373134,1072,"['보옴', '편안', '분위기', '감성', '벚꽃', '깨끗', '운치', '솔로캠핑', '별빛', '친구', '가족', '야경', '노을', '커플', '공기', '힐링', '경치', '반려동물', '낭만', '바다', '아이', '여름', '친절', '사안', '가을', '우중', '동물', '수웊', '산책', '겨울', '장박']",보옴 편안 분위기 감성 벚꽃 깨끗 운치 솔로캠핑 별빛 친구 가족 야경 노을 커플 공기 힐링 경치 반려동물 낭만 바다 아이 여름 친절 사안 가을 우중 동물 수웊 산책 겨울 장박
454,호두나무캠핑장,4.066753926701572,764,"['보옴', '편안', '분위기', '깨끗', '운치', '별빛', '친구', '가족', '힐링', '공기', '경치', '반려동물', '낭만', '접근성', '아이', '여름', '단풍', '친절', '나무', '계곡', '사안', '가을', '우중', '수웊', '산책', '휴식', '겨울', '동물']",보옴 편안 분위기 깨끗 운치 별빛 친구 가족 힐링 공기 경치 반려동물 낭만 접근성 아이 여름 단풍 친절 나무 계곡 사안 가을 우중 수웊 산책 휴식 겨울 동물
455,아잘리아그린,4.732911392405064,790,"['보옴', '편안', '시골', '분위기', '감성', '벚꽃', '깨끗', '운치', '솔로캠핑', '별빛', '친구', '가족', '야경', '고요', '노을', '커플', '공기', '힐링', '경치', '불멍', '반려동물', '저수지', '바다', '아이', '여름', '반딧불', '친절', '나무', '계곡', '하천', '사안', '가을', '우중', '일몰', '산책', '낚시', '수웊', '감상', '호수', '물멍', '휴식', '겨울']",보옴 편안 시골 분위기 감성 벚꽃 깨끗 운치 솔로캠핑 별빛 친구 가족 야경 고요 노을 커플 공기 힐링 경치 불멍 반려동물 저수지 바다 아이 여름 반딧불 친절 나무 계곡 하천 사안 가을 우중 일몰 산책 낚시 수웊 감상 호수 물멍 휴식 겨울
456,오시유,4.46987951807229,415,"['보옴', '분위기', '깨끗', '운치', '별빛', '친구', '야경', '가족', '고요', '쾌적', '커플', '힐링', '공기', '경치', '불멍', '접근성', '여름', '단풍', '친절', '계곡', '사안', '가을', '수웊', '감상', '산책', '겨울', '동물']",보옴 분위기 깨끗 운치 별빛 친구 야경 가족 고요 쾌적 커플 힐링 공기 경치 불멍 접근성 여름 단풍 친절 계곡 사안 가을 수웊 감상 산책 겨울 동물
457,이태백캠핑장,4.259868421052632,152,"['사안', '가족', '바다', '가을', '고요', '분위기', '노을', '여름', '일몰', '깨끗', '운치', '산책', '낚시', '경치', '친절', '힐링', '나무']",사안 가족 바다 가을 고요 분위기 노을 여름 일몰 깨끗 운치 산책 낚시 경치 친절 힐링 나무
458,천안무지개카라반캠핑장,4.621776504297994,349,"['분위기', '깨끗', '운치', '별빛', '친구', '가족', '커플', '힐링', '공기', '경치', '불멍', '반려동물', '저수지', '접근성', '여름', '친절', '계곡', '사안', '산책', '낚시', '호수', '휴식', '겨울', '동물']",분위기 깨끗 운치 별빛 친구 가족 커플 힐링 공기 경치 불멍 반려동물 저수지 접근성 여름 친절 계곡 사안 산책 낚시 호수 휴식 겨울 동물
459,판앤팜치유정원,4.4171597633136095,338,"['보옴', '분위기', '감성', '벚꽃', '깨끗', '운치', '친구', '가족', '커플', '힐링', '공기', '경치', '반려동물', '불멍', '저수지', '바다', '접근성', '아이', '여름', '친절', '사안', '가을', '수웊', '산책', '낚시', '호수', '겨울']",보옴 분위기 감성 벚꽃 깨끗 운치 친구 가족 커플 힐링 공기 경치 반려동물 불멍 저수지 바다 접근성 아이 여름 친절 사안 가을 수웊 산책 낚시 호수 겨울
460,마검포태안캠핑장,4.308988764044944,89,"['사안', '가족', '바다', '반려동물', '노을', '아이', '일몰', '수웊', '힐링', '경치', '나무']",사안 가족 바다 반려동물 노을 아이 일몰 수웊 힐링 경치 나무
461,진경원캠핑장&민박,4.078313253012048,166,"['보옴', '편안', '시골', '분위기', '깨끗', '운치', '별빛', '친구', '가족', '힐링', '경치', '반려동물', '불멍', '여름', '친절', '나무', '사안', '가을', '산책', '겨울']",보옴 편안 시골 분위기 깨끗 운치 별빛 친구 가족 힐링 경치 반려동물 불멍 여름 친절 나무 사안 가을 산책 겨울
462,더반힐 글램핑,4.260223048327139,269,"['보옴', '시골', '분위기', '깨끗', '별빛', '친구', '가족', '야경', '노을', '커플', '힐링', '공기', '경치', '불멍', '바다', '친절', '가을', '수웊', '산책', '낚시', '휴식', '겨울']",보옴 시골 분위기 깨끗 별빛 친구 가족 야경 노을 커플 힐링 공기 경치 불멍 바다 친절 가을 수웊 산책 낚시 휴식 겨울
463,서대산드림캠핑파크&오토캠핑장,4.413013698630137,730,"['보옴', '분위기', '벚꽃', '깨끗', '운치', '별빛', '친구', '가족', '노을', '커플', '한강', '힐링', '공기', '경치', '불멍', '낭만', '접근성', '아이', '여름', '단풍', '친절', '사안', '가을', '우중', '수웊', '산책', '휴식', '겨울', '동물']",보옴 분위기 벚꽃 깨끗 운치 별빛 친구 가족 노을 커플 한강 힐링 공기 경치 불멍 낭만 접근성 아이 여름 단풍 친절 사안 가을 우중 수웊 산책 휴식 겨울 동물
464,바다여행파크 캠핑장,4.380778588807786,411,"['분위기', '깨끗', '운치', '친구', '가족', '노을', '커플', '힐링', '경치', '불멍', '바다', '접근성', '아이', '여름', '친절', '나무', '계곡', '사안', '일몰', '산책', '낚시', '수웊', '겨울', '동물']",분위기 깨끗 운치 친구 가족 노을 커플 힐링 경치 불멍 바다 접근성 아이 여름 친절 나무 계곡 사안 일몰 산책 낚시 수웊 겨울 동물
465,백사장사계절숲속캠핑장,3.921588594704685,491,"['보옴', '시골', '분위기', '깨끗', '운치', '별빛', '가족', '고요', '노을', '한강', '힐링', '경치', '반려동물', '바다', '아이', '여름', '친절', '나무', '사안', '가을', '우중', '일몰', '산책', '감상', '수웊', '낚시', '겨울']",보옴 시골 분위기 깨끗 운치 별빛 가족 고요 노을 한강 힐링 경치 반려동물 바다 아이 여름 친절 나무 사안 가을 우중 일몰 산책 감상 수웊 낚시 겨울
466,프린세스캠프,4.383720930232558,215,"['보옴', '분위기', '감성', '벚꽃', '깨끗', '솔로캠핑', '친구', '가족', '노을', '커플', '힐링', '경치', '반려동물', '접근성', '여름', '단풍', '친절', '가을', '우중', '겨울', '동물']",보옴 분위기 감성 벚꽃 깨끗 솔로캠핑 친구 가족 노을 커플 힐링 경치 반려동물 접근성 여름 단풍 친절 가을 우중 겨울 동물
467,몽산포오션캠핑장,4.4125,40,"['깨끗', '바다']",깨끗 바다
468,홍성 세울터 오토캠핑장,4.056451612903226,186,"['친구', '가족', '분위기', '커플', '접근성', '아이', '여름', '힐링', '공기', '경치', '친절', '반려동물', '겨울']",친구 가족 분위기 커플 접근성 아이 여름 힐링 공기 경치 친절 반려동물 겨울
469,우니메이카 태안점,4.938053097345133,113,"['보옴', '시골', '분위기', '깨끗', '운치', '솔로캠핑', '별빛', '친구', '가족', '고요', '커플', '힐링', '공기', '경치', '불멍', '바다', '여름', '친절', '나무', '사안', '수웊', '산책', '휴식', '겨울']",보옴 시골 분위기 깨끗 운치 솔로캠핑 별빛 친구 가족 고요 커플 힐링 공기 경치 불멍 바다 여름 친절 나무 사안 수웊 산책 휴식 겨울
470,서천해양글램핑,4.384012539184953,319,"['분위기', '깨끗', '친구', '가족', '노을', '커플', '힐링', '공기', '경치', '반려동물', '불멍', '낭만', '바다', '아이', '여름', '친절', '사안', '가을', '일몰', '산책', '휴식', '겨울', '동물']",분위기 깨끗 친구 가족 노을 커플 힐링 공기 경치 반려동물 불멍 낭만 바다 아이 여름 친절 사안 가을 일몰 산책 휴식 겨울 동물
471,파크오브드림,4.225274725274725,546,"['보옴', '분위기', '벚꽃', '깨끗', '운치', '별빛', '친구', '가족', '야경', '고요', '쾌적', '커플', '힐링', '공기', '경치', '반려동물', '불멍', '접근성', '아이', '여름', '단풍', '친절', '계곡', '사안', '하천', '가을', '산책', '휴식', '겨울']",보옴 분위기 벚꽃 깨끗 운치 별빛 친구 가족 야경 고요 쾌적 커플 힐링 공기 경치 반려동물 불멍 접근성 아이 여름 단풍 친절 계곡 사안 하천 가을 산책 휴식 겨울
472,수덕캠핑장,4.67799352750809,618,"['보옴', '분위기', '깨끗', '별빛', '친구', '가족', '고요', '커플', '힐링', '공기', '경치', '관광', '불멍', '접근성', '아이', '여름', '친절', '사안', '가을', '우중', '산책', '휴식', '겨울', '동물']",보옴 분위기 깨끗 별빛 친구 가족 고요 커플 힐링 공기 경치 관광 불멍 접근성 아이 여름 친절 사안 가을 우중 산책 휴식 겨울 동물
473,바인밸리,3.95628078817734,812,"['시골', '분위기', '깨끗', '운치', '별빛', '친구', '가족', '야경', '고요', '커플', '힐링', '공기', '경치', '관광', '반려동물', '불멍', '아이', '여름', '단풍', '친절', '나무', '사안', '가을', '일몰', '산책', '휴식', '겨울', '동물']",시골 분위기 깨끗 운치 별빛 친구 가족 야경 고요 커플 힐링 공기 경치 관광 반려동물 불멍 아이 여름 단풍 친절 나무 사안 가을 일몰 산책 휴식 겨울 동물
474,북캠프,4.578222778473092,799,"['보옴', '편안', '시골', '분위기', '깨끗', '운치', '별빛', '친구', '가족', '고요', '노을', '커플', '공기', '힐링', '경치', '불멍', '낭만', '아이', '접근성', '여름', '단풍', '친절', '사안', '가을', '수웊', '산책', '휴식', '겨울', '동물']",보옴 편안 시골 분위기 깨끗 운치 별빛 친구 가족 고요 노을 커플 공기 힐링 경치 불멍 낭만 아이 접근성 여름 단풍 친절 사안 가을 수웊 산책 휴식 겨울 동물
475,스칸디캠프팜,4.342398427260813,1526,"['보옴', '편안', '시골', '분위기', '벚꽃', '깨끗', '운치', '솔로캠핑', '별빛', '친구', '가족', '야경', '고요', '노을', '커플', '공기', '힐링', '경치', '관광', '불멍', '반려동물', '저수지', '바다', '아이', '접근성', '여름', '반딧불', '단풍', '친절', '하천', '사안', '가을', '일몰', '산책', '낚시', '감상', '호수', '휴식', '겨울', '장박']",보옴 편안 시골 분위기 벚꽃 깨끗 운치 솔로캠핑 별빛 친구 가족 야경 고요 노을 커플 공기 힐링 경치 관광 불멍 반려동물 저수지 바다 아이 접근성 여름 반딧불 단풍 친절 하천 사안 가을 일몰 산책 낚시 감상 호수 휴식 겨울 장박
476,다인캠핑장,4.130276564774381,687,"['보옴', '시골', '분위기', '감성', '깨끗', '운치', '별빛', '친구', '가족', '야경', '쾌적', '힐링', '공기', '경치', '불멍', '아이', '여름', '친절', '계곡', '사안', '가을', '산책', '휴식', '동물']",보옴 시골 분위기 감성 깨끗 운치 별빛 친구 가족 야경 쾌적 힐링 공기 경치 불멍 아이 여름 친절 계곡 사안 가을 산책 휴식 동물
477,만리포글램핑,4.105633802816901,71,"['사안', '가족', '분위기', '가을', '바다', '노을', '커플', '여름', '깨끗', '힐링', '낚시', '경치', '친절', '낭만']",사안 가족 분위기 가을 바다 노을 커플 여름 깨끗 힐링 낚시 경치 친절 낭만
478,굼벵이캠핑농원 오토캠핑장,4.744565217391305,92,"['사안', '시골', '가족', '바다', '가을', '일몰', '깨끗', '산책', '힐링', '경치', '친절']",사안 시골 가족 바다 가을 일몰 깨끗 산책 힐링 경치 친절
479,송도오토캠핑장,3.938380281690141,284,"['분위기', '감성', '깨끗', '운치', '별빛', '친구', '가족', '고요', '노을', '힐링', '경치', '반려동물', '불멍', '바다', '아이', '여름', '친절', '나무', '일몰', '산책', '감상', '낚시']",분위기 감성 깨끗 운치 별빛 친구 가족 고요 노을 힐링 경치 반려동물 불멍 바다 아이 여름 친절 나무 일몰 산책 감상 낚시
480,글램핑코리아 안면도점,3.36013986013986,143,"['별빛', '시골', '가족', '분위기', '친구', '바다', '힐링', '산책', '운치', '낚시', '공기', '경치', '관광', '호수', '겨울', '동물', '저수지', '낭만']",별빛 시골 가족 분위기 친구 바다 힐링 산책 운치 낚시 공기 경치 관광 호수 겨울 동물 저수지 낭만
481,공주장승마을카라반,3.8396226415094334,106,"['별빛', '친구', '가족', '야경', '가을', '고요', '분위기', '아이', '여름', '수웊', '산책', '운치', '공원', '힐링', '경치', '친절', '불멍', '동물']",별빛 친구 가족 야경 가을 고요 분위기 아이 여름 수웊 산책 운치 공원 힐링 경치 친절 불멍 동물
482,진악산오토캠핑장,4.7368421052631575,38,"['별빛', '가족', '접근성', '아이', '깨끗', '힐링', '친절', '겨울']",별빛 가족 접근성 아이 깨끗 힐링 친절 겨울
483,파인트리글램핑,4.087719298245614,114,"['사안', '별빛', '친구', '나무', '가족', '분위기', '반려동물', '바다', '아이', '여름', '수웊', '깨끗', '힐링', '공기', '경치', '불멍', '겨울', '동물']",사안 별빛 친구 나무 가족 분위기 반려동물 바다 아이 여름 수웊 깨끗 힐링 공기 경치 불멍 겨울 동물
484,백마강레저파크,3.885826771653544,127,"['친구', '야경', '분위기', '가족', '반려동물', '커플', '접근성', '아이', '여름', '힐링', '산책', '공기', '경치', '불멍', '겨울', '동물']",친구 야경 분위기 가족 반려동물 커플 접근성 아이 여름 힐링 산책 공기 경치 불멍 겨울 동물
485,트윈스캠핑,4.118888888888889,450,"['분위기', '감성', '깨끗', '별빛', '친구', '가족', '고요', '쾌적', '커플', '힐링', '공기', '경치', '관광', '불멍', '접근성', '아이', '여름', '친절', '나무', '사안', '가을', '수웊', '휴식']",분위기 감성 깨끗 별빛 친구 가족 고요 쾌적 커플 힐링 공기 경치 관광 불멍 접근성 아이 여름 친절 나무 사안 가을 수웊 휴식
486,은하수오토캠핑장,4.295454545454546,22,"['깨끗', '쾌적']",깨끗 쾌적
487,춘장대 솔내음야영장,3.333333333333333,3,"['힐링', '친절']",힐링 친절
488,탑정호글램핑,4.552013422818792,298,"['보옴', '분위기', '깨끗', '운치', '별빛', '친구', '가족', '야경', '고요', '커플', '힐링', '공기', '경치', '불멍', '저수지', '낭만', '접근성', '여름', '친절', '사안', '가을', '수웊', '산책', '낚시', '공원', '호수', '물멍', '겨울', '동물']",보옴 분위기 깨끗 운치 별빛 친구 가족 야경 고요 커플 힐링 공기 경치 불멍 저수지 낭만 접근성 여름 친절 사안 가을 수웊 산책 낚시 공원 호수 물멍 겨울 동물
489,사목공원캠핑장,4.594537815126049,238,"['분위기', '깨끗', '친구', '가족', '노을', '힐링', '경치', '관광', '반려동물', '바다', '접근성', '아이', '여름', '친절', '나무', '우중', '일몰', '감상', '산책', '수웊', '공원']",분위기 깨끗 친구 가족 노을 힐링 경치 관광 반려동물 바다 접근성 아이 여름 친절 나무 우중 일몰 감상 산책 수웊 공원
490,녹수원글램핑,4.466666666666667,15,"['힐링', '분위기']",힐링 분위기
491,서산글램핑,4.533898305084746,59,"['사안', '친구', '가족', '분위기', '가을', '아이', '힐링', '단풍', '친절', '겨울']",사안 친구 가족 분위기 가을 아이 힐링 단풍 친절 겨울
492,벌곡오토캠핑장,5.0,3,"['힐링', '커플', '가족']",힐링 커플 가족
493,에스글램핑,4.586206896551723,58,"['여름', '분위기']",여름 분위기
494,안면도스쿨버스캠핑장,4.5,2,['가족'],가족
495,카라반클럽레스피아 in 삽교바다공원,3.8840579710144927,69,"['친구', '가족', '분위기', '가을', '바다', '여름', '공기', '공원', '운치', '힐링', '친절', '관광', '불멍']",친구 가족 분위기 가을 바다 여름 공기 공원 운치 힐링 친절 관광 불멍
496,숲들내자연놀이학교 글램핑,4.173015873015872,315,"['시골', '분위기', '감성', '벚꽃', '깨끗', '운치', '별빛', '친구', '가족', '커플', '힐링', '공기', '경치', '반려동물', '불멍', '저수지', '아이', '반딧불', '여름', '단풍', '친절', '나무', '계곡', '사안', '가을', '수웊', '공원', '겨울', '동물']",시골 분위기 감성 벚꽃 깨끗 운치 별빛 친구 가족 커플 힐링 공기 경치 반려동물 불멍 저수지 아이 반딧불 여름 단풍 친절 나무 계곡 사안 가을 수웊 공원 겨울 동물
497,솔바람캠핑장,4.622186495176849,622,"['보옴', '시골', '분위기', '벚꽃', '깨끗', '운치', '별빛', '친구', '가족', '고요', '힐링', '공기', '경치', '불멍', '아이', '여름', '단풍', '친절', '장박', '계곡', '하천', '사안', '가을', '우중', '산책', '낚시', '휴식', '겨울', '동물']",보옴 시골 분위기 벚꽃 깨끗 운치 별빛 친구 가족 고요 힐링 공기 경치 불멍 아이 여름 단풍 친절 장박 계곡 하천 사안 가을 우중 산책 낚시 휴식 겨울 동물
498,러빙유 카라반 캠핑장,4.836956521739131,46,"['가족', '분위기', '감성', '수웊', '불멍', '운치', '힐링', '산책', '경치', '호수', '나무', '겨울']",가족 분위기 감성 수웊 불멍 운치 힐링 산책 경치 호수 나무 겨울
499,당진해양캠핑공원,3.9082568807339446,109,"['공원', '경치']",공원 경치
500,안면도 샛별글램핑&카라반펜션,4.543548387096775,310,"['보옴', '시골', '분위기', '감성', '깨끗', '운치', '별빛', '친구', '가족', '노을', '커플', '힐링', '공기', '경치', '불멍', '반려동물', '바다', '아이', '여름', '친절', '나무', '사안', '가을', '일몰', '감상', '산책', '수웊', '휴식', '동물']",보옴 시골 분위기 감성 깨끗 운치 별빛 친구 가족 노을 커플 힐링 공기 경치 불멍 반려동물 바다 아이 여름 친절 나무 사안 가을 일몰 감상 산책 수웊 휴식 동물
501,장항오토캠핑장,5.0,3,['경치'],경치
502,계룡산오토캠핑장,5.0,1,"['공기', '사안']",공기 사안
503,내안의숲오토캠핑장,4.25,4,['수웊'],수웊
504,공주계곡펜션캠핑,4.6,10,"['산책', '계곡']",산책 계곡
505,수림휴원,4.5,7,"['공기', '불멍', '경치', '힐링']",공기 불멍 경치 힐링
506,만리포 미소카라반,3.8367346938775517,294,"['분위기', '감성', '깨끗', '친구', '가족', '야경', '노을', '커플', '힐링', '공기', '경치', '관광', '반려동물', '불멍', '낭만', '바다', '여름', '친절', '일몰', '감상', '산책', '겨울']",분위기 감성 깨끗 친구 가족 야경 노을 커플 힐링 공기 경치 관광 반려동물 불멍 낭만 바다 여름 친절 일몰 감상 산책 겨울
507,한마음캠핑플레이스,4.653846153846153,13,"['깨끗', '힐링', '가족']",깨끗 힐링 가족
508,맘빌리지,4.368421052631579,19,"['별빛', '시골', '친구', '분위기', '바다', '일몰', '공기', '운치', '경치', '친절']",별빛 시골 친구 분위기 바다 일몰 공기 운치 경치 친절
509,대천오토캠핑장,4.235849056603773,106,"['사안', '친구', '가족', '야경', '분위기', '바다', '노을', '커플', '수웊', '힐링', '낚시', '공기', '경치', '친절', '나무']",사안 친구 가족 야경 분위기 바다 노을 커플 수웊 힐링 낚시 공기 경치 친절 나무
510,캠핑코리아,4.831325301204818,83,"['친구', '가족', '분위기', '바다', '커플', '아이', '감성', '깨끗', '공원', '힐링', '산책', '친절', '불멍', '겨울', '낭만']",친구 가족 분위기 바다 커플 아이 감성 깨끗 공원 힐링 산책 친절 불멍 겨울 낭만
511,물결캠핑,4.429729729729731,185,"['보옴', '분위기', '깨끗', '운치', '별빛', '친구', '가족', '노을', '커플', '힐링', '경치', '낭만', '바다', '아이', '여름', '친절', '사안', '산책', '겨울']",보옴 분위기 깨끗 운치 별빛 친구 가족 노을 커플 힐링 경치 낭만 바다 아이 여름 친절 사안 산책 겨울
512,라포레캠핑장,4.666666666666667,3,['반려동물'],반려동물
513,웨스턴백사장오토캠핑장,5.0,2,['힐링'],힐링
514,몽산포감성캠핑장,4.928571428571429,14,"['깨끗', '별빛', '감성', '바다']",깨끗 별빛 감성 바다
515,칠갑산오토캠핑장,4.0,5,['가족'],가족
516,대천용두야영장,3.75,2,['바다'],바다
517,카라반에코빌리지,4.634408602150538,93,"['별빛', '가족', '분위기', '여름', '깨끗', '공기', '힐링', '산책', '친절', '반려동물', '동물', '저수지']",별빛 가족 분위기 여름 깨끗 공기 힐링 산책 친절 반려동물 동물 저수지
518,용봉산 돔글램핑&오토캠핑장 (대형수영장&워터슬라이드),2.189189189189189,37,"['친구', '분위기', '여름', '깨끗', '경치']",친구 분위기 여름 깨끗 경치
519,늘푸른캠핑장&글램핑,4.428571428571429,84,"['야경', '가족', '여름', '공기', '수웊', '힐링', '경치', '나무', '겨울', '낭만']",야경 가족 여름 공기 수웊 힐링 경치 나무 겨울 낭만
520,그림나래힐링캠프 카라반펜션,4.455882352941177,68,"['보옴', '가족', '바다', '공기', '수웊', '운치', '힐링', '경치', '친절', '불멍']",보옴 가족 바다 공기 수웊 운치 힐링 경치 친절 불멍
521,캠핑하우스,4.966666666666667,15,"['힐링', '불멍', '친구', '분위기']",힐링 불멍 친구 분위기
522,글램핑코리아 부여굿뜨래점,4.49748743718593,199,"['보옴', '시골', '분위기', '감성', '깨끗', '별빛', '친구', '가족', '야경', '커플', '힐링', '공기', '관광', '아이', '여름', '친절', '사안', '가을', '산책', '겨울', '동물']",보옴 시골 분위기 감성 깨끗 별빛 친구 가족 야경 커플 힐링 공기 관광 아이 여름 친절 사안 가을 산책 겨울 동물
523,아그로랜드 태신목장캠핑장,4.785714285714286,7,['힐링'],힐링
524,벌천포해수욕장캠핑장,4.0,1,['반려동물'],반려동물
525,홍산관광농원,3.82,25,"['관광', '시골', '가족', '분위기']",관광 시골 가족 분위기
526,성주산자연휴양림캠핑장,4.136363636363637,33,"['수웊', '공기', '힐링', '단풍', '나무']",수웊 공기 힐링 단풍 나무
527,청암산오토캠핑장,4.561583577712611,1364,"['보옴', '편안', '분위기', '감성', '깨끗', '운치', '별빛', '친구', '가족', '고요', '노을', '커플', '공기', '힐링', '경치', '불멍', '낭만', '아이', '접근성', '여름', '단풍', '친절', '나무', '가을', '우중', '산책', '감상', '호수', '휴식', '겨울', '동물']",보옴 편안 분위기 감성 깨끗 운치 별빛 친구 가족 고요 노을 커플 공기 힐링 경치 불멍 낭만 아이 접근성 여름 단풍 친절 나무 가을 우중 산책 감상 호수 휴식 겨울 동물
528,운일암반일암 국민여가캠핑장,4.55,10,"['불멍', '사안', '경치']",불멍 사안 경치
529,내소힐링캠프,4.4,10,"['수웊', '여름']",수웊 여름
530,고창군 선운산 국민여가캠핑장,4.636363636363637,11,"['사안', '여름']",사안 여름
531,해밀펜션캠핑장,3.8,10,['가족'],가족
532,대둔산 캠핑펜션 오토캠핑장,4.85,10,"['사안', '분위기', '친절', '동물', '계곡']",사안 분위기 친절 동물 계곡
533,섬진강마실휴양숙박시설단지,4.65,10,"['사안', '별빛', '가족', '분위기', '깨끗', '수웊', '운치', '산책', '경치', '친절', '불멍']",사안 별빛 가족 분위기 깨끗 수웊 운치 산책 경치 친절 불멍
534,상하농원 파머스글램핑,4.833333333333333,9,"['가족', '분위기']",가족 분위기
535,동상힐링캠핑장,4.9,10,"['사안', '가족', '경치', '불멍', '계곡']",사안 가족 경치 불멍 계곡
536,회문랜드 오토캠핑장,4.75,10,['별빛'],별빛
537,일곱식구 캠핑장,4.4,10,"['사안', '감성', '깨끗', '공기', '경치', '친절', '불멍', '계곡']",사안 감성 깨끗 공기 경치 친절 불멍 계곡
538,고사포야영장,4.5,2,"['경치', '바다']",경치 바다
539,로하스캠핑장카라반,4.6,10,"['사안', '가족', '여름', '공기', '힐링', '경치', '불멍']",사안 가족 여름 공기 힐링 경치 불멍
540,내장야영장,4.090909090909091,11,['공기'],공기
541,하늘땅카라반,4.95,10,"['분위기', '공기', '힐링', '친절', '계곡']",분위기 공기 힐링 친절 계곡
542,구천동계곡 덕유캠프농원 글램핑캠핑장,4.45,10,"['보옴', '사안', '분위기', '가을', '여름', '힐링', '단풍', '계곡']",보옴 사안 분위기 가을 여름 힐링 단풍 계곡
543,보다더캠핑,4.7,10,"['깨끗', '별빛']",깨끗 별빛
544,구시포글램핑,4.85,10,"['가족', '바다', '분위기', '노을', '경치']",가족 바다 분위기 노을 경치
545,밀모빨강치마캠핑리조트,3.65,10,"['경치', '분위기']",경치 분위기
546,자두마을,3.95,10,['시골'],시골
547,숲내음펜션,4.0,10,"['힐링', '친구', '여름']",힐링 친구 여름
548,도란도란캠핑장,3.15,10,['공기'],공기
549,자연쉼터빌리지,3.95,10,['경치'],경치
550,덕유산계곡글램핑,4.25,10,"['공기', '사안', '여름', '계곡']",공기 사안 여름 계곡
551,금강두승산글램핑,4.7,10,['가을'],가을
552,민들레동산힐링센터,3.8,10,"['가족', '수웊', '산책', '경치']",가족 수웊 산책 경치
553,이순신글램핑펜션,3.75,10,"['바다', '분위기', '힐링', '산책', '경치']",바다 분위기 힐링 산책 경치
554,양지뜰캠핑장,4.0,10,"['별빛', '경치']",별빛 경치
555,무주글램핑&풀빌라카라반,4.2,10,"['계곡', '반려동물', '가족', '분위기']",계곡 반려동물 가족 분위기
556,마이산 풍혈냉천 글램핑&오토캠핑장,4.1,10,"['가족', '친절', '나무', '경치']",가족 친절 나무 경치
557,선야봉캠핑장,4.25,10,['깨끗'],깨끗
558,하늘구름길캠핑장,4.65,10,"['우중', '경치', '계곡']",우중 경치 계곡
559,마령큰시내들캠핑장,4.388888888888889,9,"['깨끗', '가족']",깨끗 가족
560,호연재,4.777777777777779,9,"['보옴', '별빛', '분위기', '가을', '경치', '나무', '계곡']",보옴 별빛 분위기 가을 경치 나무 계곡
561,지리산천왕봉 펜션식당,4.2,10,['공기'],공기
562,오수애견캠핑장,3.9,10,"['힐링', '반려동물', '가족']",힐링 반려동물 가족
563,방화동가족휴가촌오토캠핑장,4.833333333333333,9,['수웊'],수웊
564,뱀사골자동차야영장,4.222222222222221,9,['깨끗'],깨끗
565,수류산골야영장,3.5,1,['친절'],친절
566,무주구천동캠핑장,3.85,10,"['고요', '공기', '가을', '계곡']",고요 공기 가을 계곡
567,강천산캠핑,3.611111111111111,9,"['힐링', '불멍', '친구']",힐링 불멍 친구
568,고산자연휴양림캠핑장,4.7,10,['산책'],산책
569,국립회문산자연휴양림캠핑장,3.85,10,['경치'],경치
570,럭셔리글램핑 W 풀빌라,4.813778580024066,1662,"['보옴', '편안', '시골', '분위기', '감성', '벚꽃', '깨끗', '운치', '별빛', '친구', '가족', '야경', '고요', '노을', '커플', '공기', '힐링', '경치', '반려동물', '불멍', '낭만', '바다', '아이', '여름', '접근성', '단풍', '친절', '계곡', '사안', '하천', '가을', '우중', '산책', '낚시', '휴식', '겨울', '동물']",보옴 편안 시골 분위기 감성 벚꽃 깨끗 운치 별빛 친구 가족 야경 고요 노을 커플 공기 힐링 경치 반려동물 불멍 낭만 바다 아이 여름 접근성 단풍 친절 계곡 사안 하천 가을 우중 산책 낚시 휴식 겨울 동물
571,럭셔리 비토섬 J글램핑,4.623462214411248,1138,"['보옴', '편안', '시골', '분위기', '감성', '벚꽃', '깨끗', '운치', '별빛', '친구', '가족', '야경', '고요', '쾌적', '노을', '커플', '공기', '힐링', '경치', '불멍', '낭만', '바다', '아이', '여름', '친절', '사안', '가을', '공원', '산책', '낚시', '감상', '호수', '물멍', '겨울', '동물']",보옴 편안 시골 분위기 감성 벚꽃 깨끗 운치 별빛 친구 가족 야경 고요 쾌적 노을 커플 공기 힐링 경치 불멍 낭만 바다 아이 여름 친절 사안 가을 공원 산책 낚시 감상 호수 물멍 겨울 동물
572,캠프향기,4.85,10,"['접근성', '깨끗', '힐링', '공기', '친절']",접근성 깨끗 힐링 공기 친절
573,불태산 글램핑,4.2909836065573765,610,"['편안', '분위기', '감성', '깨끗', '운치', '별빛', '친구', '가족', '고요', '노을', '커플', '힐링', '공기', '경치', '관광', '불멍', '저수지', '낭만', '접근성', '아이', '여름', '친절', '계곡', '사안', '가을', '산책', '감상', '휴식', '겨울', '동물']",편안 분위기 감성 깨끗 운치 별빛 친구 가족 고요 노을 커플 힐링 공기 경치 관광 불멍 저수지 낭만 접근성 아이 여름 친절 계곡 사안 가을 산책 감상 휴식 겨울 동물
574,합천H글램핑,4.734453781512606,595,"['보옴', '편안', '시골', '분위기', '감성', '벚꽃', '깨끗', '운치', '별빛', '친구', '가족', '쾌적', '커플', '공기', '힐링', '경치', '관광', '불멍', '반려동물', '낭만', '아이', '접근성', '여름', '친절', '계곡', '사안', '가을', '공원', '산책', '호수', '겨울', '동물']",보옴 편안 시골 분위기 감성 벚꽃 깨끗 운치 별빛 친구 가족 쾌적 커플 공기 힐링 경치 관광 불멍 반려동물 낭만 아이 접근성 여름 친절 계곡 사안 가을 공원 산책 호수 겨울 동물
575,불스글램핑 함평점,4.6,10,['커플'],커플
576,슬로우위켄드SLOWWEEKEND,4.9,10,"['가족', '분위기', '여름', '힐링', '경치', '불멍', '동물']",가족 분위기 여름 힐링 경치 불멍 동물
577,바람흔적글램핑카라반,4.569985569985571,693,"['편안', '분위기', '감성', '깨끗', '운치', '별빛', '친구', '가족', '야경', '노을', '커플', '공기', '힐링', '경치', '관광', '불멍', '아이', '접근성', '여름', '단풍', '친절', '계곡', '사안', '가을', '산책', '감상', '휴식', '겨울', '동물']",편안 분위기 감성 깨끗 운치 별빛 친구 가족 야경 노을 커플 공기 힐링 경치 관광 불멍 아이 접근성 여름 단풍 친절 계곡 사안 가을 산책 감상 휴식 겨울 동물
578,황매산미리내파크오토캠핑장,4.796428571428573,840,"['보옴', '편안', '시골', '분위기', '감성', '벚꽃', '깨끗', '운치', '솔로캠핑', '별빛', '친구', '가족', '야경', '노을', '커플', '공기', '힐링', '경치', '반려동물', '불멍', '낭만', '바다', '여름', '반딧불', '단풍', '친절', '계곡', '사안', '가을', '우중', '일몰', '산책', '공원', '감상', '수웊', '겨울']",보옴 편안 시골 분위기 감성 벚꽃 깨끗 운치 솔로캠핑 별빛 친구 가족 야경 노을 커플 공기 힐링 경치 반려동물 불멍 낭만 바다 여름 반딧불 단풍 친절 계곡 사안 가을 우중 일몰 산책 공원 감상 수웊 겨울
579,럭셔리 토리글램핑,4.873655913978495,186,"['친구', '가족', '분위기', '가을', '바다', '쾌적', '커플', '감성', '아이', '여름', '깨끗', '힐링', '공기', '친절', '경치', '불멍', '겨울', '휴식']",친구 가족 분위기 가을 바다 쾌적 커플 감성 아이 여름 깨끗 힐링 공기 친절 경치 불멍 겨울 휴식
580,라온글램핑,4.75,10,"['경치', '분위기']",경치 분위기
581,대성글램핑,4.713709677419356,248,"['보옴', '분위기', '감성', '깨끗', '운치', '별빛', '친구', '가족', '노을', '커플', '힐링', '공기', '경치', '불멍', '반려동물', '낭만', '접근성', '아이', '여름', '친절', '계곡', '사안', '가을', '산책', '휴식', '겨울']",보옴 분위기 감성 깨끗 운치 별빛 친구 가족 노을 커플 힐링 공기 경치 불멍 반려동물 낭만 접근성 아이 여름 친절 계곡 사안 가을 산책 휴식 겨울
582,천사섬캠핑&글램핑,4.75,10,"['수웊', '바다']",수웊 바다
583,섬지캠핑장,4.8,10,"['친절', '나무', '반려동물', '경치']",친절 나무 반려동물 경치
584,The star 오토캠핑장,4.0,10,"['바다', '경치', '분위기']",바다 경치 분위기
585,상주우산오토캠핑장,4.607317073170732,410,"['보옴', '시골', '분위기', '벚꽃', '깨끗', '운치', '별빛', '친구', '가족', '커플', '힐링', '공기', '경치', '불멍', '접근성', '아이', '여름', '단풍', '친절', '계곡', '사안', '가을', '우중', '수웊', '산책', '휴식', '겨울']",보옴 시골 분위기 벚꽃 깨끗 운치 별빛 친구 가족 커플 힐링 공기 경치 불멍 접근성 아이 여름 단풍 친절 계곡 사안 가을 우중 수웊 산책 휴식 겨울
586,가산글램핑,4.5606060606060606,33,"['사안', '친구', '분위기', '수웊', '힐링', '운치', '친절', '계곡']",사안 친구 분위기 수웊 힐링 운치 친절 계곡
587,버드하우스캠핑장,4.793604651162791,860,"['보옴', '분위기', '감성', '벚꽃', '깨끗', '솔로캠핑', '별빛', '친구', '가족', '야경', '고요', '쾌적', '노을', '커플', '공기', '힐링', '경치', '관광', '불멍', '낭만', '바다', '아이', '여름', '접근성', '단풍', '친절', '나무', '가을', '우중', '일몰', '산책', '낚시', '공원', '수웊', '호수', '휴식', '겨울', '동물']",보옴 분위기 감성 벚꽃 깨끗 솔로캠핑 별빛 친구 가족 야경 고요 쾌적 노을 커플 공기 힐링 경치 관광 불멍 낭만 바다 아이 여름 접근성 단풍 친절 나무 가을 우중 일몰 산책 낚시 공원 수웊 호수 휴식 겨울 동물
588,오션포레,4.630296610169491,472,"['분위기', '감성', '깨끗', '운치', '친구', '가족', '야경', '커플', '힐링', '공기', '경치', '불멍', '바다', '아이', '여름', '단풍', '친절', '사안', '가을', '수웊', '산책', '휴식', '겨울']",분위기 감성 깨끗 운치 친구 가족 야경 커플 힐링 공기 경치 불멍 바다 아이 여름 단풍 친절 사안 가을 수웊 산책 휴식 겨울
589,꽃길글램핑,4.916666666666667,90,"['편안', '분위기', '감성', '깨끗', '운치', '별빛', '친구', '가족', '힐링', '공기', '경치', '불멍', '여름', '친절', '계곡', '사안', '가을', '산책', '겨울']",편안 분위기 감성 깨끗 운치 별빛 친구 가족 힐링 공기 경치 불멍 여름 친절 계곡 사안 가을 산책 겨울
590,담양힐링파크 새연리조트3호점,4.8,10,"['동물', '사안', '겨울', '친구']",동물 사안 겨울 친구
591,꿈애오토캠핑장,4.345528455284553,123,"['시골', '가족', '분위기', '가을', '노을', '접근성', '벚꽃', '깨끗', '공기', '산책', '경치', '친절']",시골 가족 분위기 가을 노을 접근성 벚꽃 깨끗 공기 산책 경치 친절
592,대청호 로하스 캠핑장,4.85,10,['분위기'],분위기
593,들소리키즈글램핑,4.95,10,"['깨끗', '가족', '분위기']",깨끗 가족 분위기
594,대나무골오토캠핑장,4.75,10,"['분위기', '접근성', '수웊', '힐링', '나무']",분위기 접근성 수웊 힐링 나무
595,다시캠핑장,4.826086956521738,23,"['분위기', '가을', '반딧불', '깨끗', '공기', '힐링', '경치', '계곡']",분위기 가을 반딧불 깨끗 공기 힐링 경치 계곡
596,별고을오토캠핑장,3.2857142857142856,7,['공기'],공기
597,럭셔리글램핑 캠핑소사이어티,4.650141643059491,353,"['분위기', '감성', '깨끗', '운치', '별빛', '친구', '가족', '야경', '쾌적', '노을', '커플', '힐링', '공기', '경치', '불멍', '낭만', '접근성', '아이', '여름', '친절', '가을', '공원', '휴식', '겨울']",분위기 감성 깨끗 운치 별빛 친구 가족 야경 쾌적 노을 커플 힐링 공기 경치 불멍 낭만 접근성 아이 여름 친절 가을 공원 휴식 겨울
598,미산가족오토캠핑장,4.3760932944606425,343,"['시골', '분위기', '벚꽃', '깨끗', '별빛', '친구', '가족', '커플', '힐링', '공기', '경치', '관광', '접근성', '아이', '여름', '단풍', '친절', '계곡', '사안', '하천', '가을', '수웊', '산책', '낚시', '휴식', '동물']",시골 분위기 벚꽃 깨끗 별빛 친구 가족 커플 힐링 공기 경치 관광 접근성 아이 여름 단풍 친절 계곡 사안 하천 가을 수웊 산책 낚시 휴식 동물
599,카우글램핑,4.566371681415928,226,"['보옴', '분위기', '감성', '벚꽃', '깨끗', '운치', '별빛', '친구', '야경', '가족', '힐링', '공기', '경치', '반려동물', '불멍', '바다', '여름', '친절', '겨울']",보옴 분위기 감성 벚꽃 깨끗 운치 별빛 친구 야경 가족 힐링 공기 경치 반려동물 불멍 바다 여름 친절 겨울
600,거창A글램핑,4.370535714285714,112,"['보옴', '별빛', '친구', '가족', '분위기', '감성', '접근성', '여름', '깨끗', '힐링', '운치', '공기', '친절', '경치', '불멍', '겨울', '동물']",보옴 별빛 친구 가족 분위기 감성 접근성 여름 깨끗 힐링 운치 공기 친절 경치 불멍 겨울 동물
601,힐링아일랜드 글램핑캠핑장,4.512121212121212,330,"['보옴', '분위기', '깨끗', '운치', '별빛', '친구', '가족', '야경', '노을', '힐링', '공기', '경치', '반려동물', '바다', '여름', '반딧불', '친절', '가을', '일몰', '휴식', '겨울', '동물']",보옴 분위기 깨끗 운치 별빛 친구 가족 야경 노을 힐링 공기 경치 반려동물 바다 여름 반딧불 친절 가을 일몰 휴식 겨울 동물
602,지리산반내골카라반캠핑장,4.411504424778762,113,"['사안', '별빛', '시골', '가족', '분위기', '가을', '커플', '아이', '여름', '깨끗', '힐링', '운치', '낚시', '단풍', '공기', '경치', '반려동물', '계곡']",사안 별빛 시골 가족 분위기 가을 커플 아이 여름 깨끗 힐링 운치 낚시 단풍 공기 경치 반려동물 계곡
603,고성 얼음골야영장,3.4505813953488373,172,"['보옴', '분위기', '깨끗', '운치', '별빛', '친구', '가족', '고요', '커플', '힐링', '공기', '경치', '불멍', '저수지', '여름', '반딧불', '계곡', '사안', '수웊', '산책', '공원', '동물']",보옴 분위기 깨끗 운치 별빛 친구 가족 고요 커플 힐링 공기 경치 불멍 저수지 여름 반딧불 계곡 사안 수웊 산책 공원 동물
604,곡성청소년야영장,4.6,10,"['가족', '분위기']",가족 분위기
605,성주자연오토캠핑장,4.533333333333333,255,"['시골', '분위기', '깨끗', '친구', '가족', '힐링', '공기', '경치', '반려동물', '불멍', '아이', '여름', '친절', '계곡', '사안', '가을', '우중', '산책', '겨울']",시골 분위기 깨끗 친구 가족 힐링 공기 경치 반려동물 불멍 아이 여름 친절 계곡 사안 가을 우중 산책 겨울
606,별곰캠핑힐,4.806122448979592,49,"['사안', '별빛', '가족', '바다', '분위기', '가을', '우중', '여름', '공기', '수웊', '공원', '깨끗', '힐링', '경치', '친절', '낚시', '나무', '계곡']",사안 별빛 가족 바다 분위기 가을 우중 여름 공기 수웊 공원 깨끗 힐링 경치 친절 낚시 나무 계곡
607,우니메이카 산청점,4.4453125,64,"['사안', '별빛', '가족', '여름', '수웊', '힐링', '공기', '경치', '휴식', '계곡']",사안 별빛 가족 여름 수웊 힐링 공기 경치 휴식 계곡
608,자연애품 캠핑장,3.75,10,"['공기', '깨끗', '가족']",공기 깨끗 가족
609,풍성채,4.65,10,"['보옴', '가을', '커플', '접근성', '여름', '깨끗', '공기', '힐링', '겨울']",보옴 가을 커플 접근성 여름 깨끗 공기 힐링 겨울
610,봉스글램핑,4.163333333333333,150,"['분위기', '감성', '깨끗', '운치', '별빛', '친구', '가족', '야경', '커플', '힐링', '공기', '경치', '관광', '반려동물', '불멍', '아이', '여름', '단풍', '친절', '계곡', '사안', '산책', '감상', '겨울', '동물']",분위기 감성 깨끗 운치 별빛 친구 가족 야경 커플 힐링 공기 경치 관광 반려동물 불멍 아이 여름 단풍 친절 계곡 사안 산책 감상 겨울 동물
611,지리산벚꽃카라반캠핑장,4.822085889570552,815,"['보옴', '편안', '시골', '분위기', '감성', '벚꽃', '깨끗', '운치', '별빛', '친구', '가족', '야경', '쾌적', '커플', '공기', '힐링', '경치', '관광', '반려동물', '불멍', '낭만', '아이', '여름', '친절', '계곡', '사안', '가을', '우중', '수웊', '산책', '낚시', '물멍', '휴식', '겨울', '동물']",보옴 편안 시골 분위기 감성 벚꽃 깨끗 운치 별빛 친구 가족 야경 쾌적 커플 공기 힐링 경치 관광 반려동물 불멍 낭만 아이 여름 친절 계곡 사안 가을 우중 수웊 산책 낚시 물멍 휴식 겨울 동물
612,가마골계곡 핫캠핑장&카라반,4.5,10,"['보옴', '사안', '가족', '가을', '여름', '경치', '친절', '휴식', '계곡']",보옴 사안 가족 가을 여름 경치 친절 휴식 계곡
613,좋은세상리조트 글램핑펜션,3.35,10,"['별빛', '친구', '가족', '공기', '경치']",별빛 친구 가족 공기 경치
614,모토라드캠핑장,4.444250871080139,287,"['분위기', '감성', '벚꽃', '깨끗', '운치', '솔로캠핑', '별빛', '가족', '커플', '힐링', '공기', '경치', '불멍', '낭만', '접근성', '아이', '여름', '친절', '계곡', '사안', '가을', '우중', '산책', '호수', '겨울']",분위기 감성 벚꽃 깨끗 운치 솔로캠핑 별빛 가족 커플 힐링 공기 경치 불멍 낭만 접근성 아이 여름 친절 계곡 사안 가을 우중 산책 호수 겨울
615,지리산 자양보오토캠핑장,4.851239669421488,242,"['보옴', '시골', '분위기', '감성', '깨끗', '운치', '별빛', '친구', '가족', '힐링', '공기', '경치', '관광', '반려동물', '불멍', '접근성', '아이', '여름', '친절', '계곡', '사안', '가을', '우중', '휴식', '겨울']",보옴 시골 분위기 감성 깨끗 운치 별빛 친구 가족 힐링 공기 경치 관광 반려동물 불멍 접근성 아이 여름 친절 계곡 사안 가을 우중 휴식 겨울
616,곡성 키즈글램핑,4.7,10,['가족'],가족
617,아빠랑 놀자,4.613636363636363,220,"['별빛', '시골', '가족', '분위기', '가을', '친구', '감성', '아이', '여름', '깨끗', '힐링', '운치', '낚시', '공기', '친절', '경치', '겨울']",별빛 시골 가족 분위기 가을 친구 감성 아이 여름 깨끗 힐링 운치 낚시 공기 친절 경치 겨울
618,월성오토캠핑장,4.768115942028985,69,"['가족', '분위기', '가을', '여름', '깨끗', '힐링', '단풍', '경치', '계곡']",가족 분위기 가을 여름 깨끗 힐링 단풍 경치 계곡
619,노랑카라반,4.8048780487804885,82,"['분위기', '감성', '깨끗', '운치', '가족', '야경', '노을', '커플', '힐링', '공기', '경치', '불멍', '낭만', '바다', '아이', '여름', '친절', '일몰', '산책', '감상', '낚시', '겨울']",분위기 감성 깨끗 운치 가족 야경 노을 커플 힐링 공기 경치 불멍 낭만 바다 아이 여름 친절 일몰 산책 감상 낚시 겨울
620,산중오토캠핑장,4.8125,288,"['보옴', '분위기', '깨끗', '운치', '별빛', '친구', '가족', '노을', '커플', '힐링', '공기', '경치', '불멍', '여름', '단풍', '친절', '계곡', '사안', '가을', '우중', '수웊', '산책', '휴식', '겨울']",보옴 분위기 깨끗 운치 별빛 친구 가족 노을 커플 힐링 공기 경치 불멍 여름 단풍 친절 계곡 사안 가을 우중 수웊 산책 휴식 겨울
621,자매로카라반캠핑장,4.0,10,"['감성', '분위기']",감성 분위기
622,지리산호수공원오토캠핑장,4.3,10,"['깨끗', '산책', '힐링', '경치', '호수']",깨끗 산책 힐링 경치 호수
623,림스글램핑,4.9,10,"['동물', '산책', '별빛', '친구']",동물 산책 별빛 친구
624,큐브빌리지글램핑,4.15,10,"['힐링', '별빛', '감성', '경치']",힐링 별빛 감성 경치
625,율포오토캠핑리조트,3.85,10,['바다'],바다
626,심청관광농원 꿈꾸는캠핑장,4.6,5,['계곡'],계곡
627,솔내음물댄동산,4.85,10,"['동물', '경치', '분위기']",동물 경치 분위기
628,땡땡이글램핑,4.85,10,"['친구', '가족', '분위기', '나무', '반려동물', '커플', '공기', '산책', '경치', '불멍']",친구 가족 분위기 나무 반려동물 커플 공기 산책 경치 불멍
629,지리산오토캠핑장,4.8,10,"['보옴', '분위기', '힐링', '산책', '친절', '경치', '겨울', '동물']",보옴 분위기 힐링 산책 친절 경치 겨울 동물
630,라온 캠핑장 담양지점,3.25,10,"['분위기', '여름', '경치', '친절', '반려동물', '동물']",분위기 여름 경치 친절 반려동물 동물
631,여수굴전여가캠핑장,4.313953488372094,43,"['바다', '분위기', '깨끗', '경치', '낭만']",바다 분위기 깨끗 경치 낭만
632,천지글램핑,4.95,10,"['가족', '야경', '여름', '접근성', '공기', '깨끗', '경치', '친절']",가족 야경 여름 접근성 공기 깨끗 경치 친절
633,피아골오토캠핑장,4.4,10,"['깨끗', '공기']",깨끗 공기
634,담양 금성산성 오토캠핑장,4.15,10,"['수웊', '경치']",수웊 경치
635,땅끝오토캠핑장,4.0,5,"['나무', '경치']",나무 경치
636,영암 프리미엄 키즈글램핑,3.85,10,['분위기'],분위기
637,두레관광농원아리솔캠핑장,5.0,10,"['힐링', '별빛', '가족']",힐링 별빛 가족
638,도림사국민관광단지오토캠핑리조트,4.5,10,"['가을', '공기']",가을 공기
639,캠핑인곡성,4.5,1,['사안'],사안
640,승주CC글램핑,4.3,10,"['수웊', '경치']",수웊 경치
641,섬진강문화학교캠핑장,3.85,10,"['친구', '가족', '여름', '경치', '계곡']",친구 가족 여름 경치 계곡
642,순천시청소년수련원야영장,4.3,10,"['수웊', '힐링', '반딧불']",수웊 힐링 반딧불
643,아름다운글램핑장,4.05,10,"['겨울', '경치']",겨울 경치
644,무안 낙지공원 노을길 야영장,4.2,10,"['노을', '친구', '가족']",노을 친구 가족
645,신안우전설레미캠핑장,2.75,4,['깨끗'],깨끗
646,편백힐 치유의 숲,3.95,10,"['여름', '수웊', '힐링', '공기', '나무']",여름 수웊 힐링 공기 나무
647,함평자연생태글램핑앤오토캠핑장,4.1,5,['깨끗'],깨끗
648,하늘바다오토캠핑장,3.0,2,"['반려동물', '가족']",반려동물 가족
649,완도명사십리오토캠핑장,3.6,10,"['별빛', '가족', '바다', '여름', '동물']",별빛 가족 바다 여름 동물
650,영농조합법인윤제림,4.15,10,['수웊'],수웊
651,주작산별소리글램핑&캠핑,4.15,10,"['힐링', '친구']",힐링 친구
652,홀통해수욕장캠핑장,3.7222222222222223,9,['경치'],경치
653,백련 캠핑장,4.0,3,['친절'],친절
654,완도수목원오토캠핑장,2.6,10,"['하천', '친절']",하천 친절
655,금오도캠핑장,4.2,10,"['낚시', '동물']",낚시 동물
656,써니아일랜드야영장,4.833333333333333,3,['분위기'],분위기
657,청계울 낚시 캠핑장,4.55,10,"['사안', '시골', '관광']",사안 시골 관광
658,유치자연휴양림캠핑장,5.0,3,"['여름', '수웊', '힐링', '공기', '계곡']",여름 수웊 힐링 공기 계곡
659,첫사랑펜션카라반,4.0,5,"['깨끗', '경치', '바다']",깨끗 경치 바다
660,무안황토갯벌랜드 캠핑장,4.3,10,"['산책', '바다']",산책 바다
661,제주플래티늄카라반,4.53042328042328,756,"['보옴', '편안', '분위기', '감성', '깨끗', '운치', '별빛', '친구', '가족', '야경', '고요', '노을', '커플', '공기', '힐링', '경치', '관광', '반려동물', '낭만', '바다', '접근성', '여름', '친절', '가을', '일몰', '산책', '낚시', '감상', '겨울', '동물']",보옴 편안 분위기 감성 깨끗 운치 별빛 친구 가족 야경 고요 노을 커플 공기 힐링 경치 관광 반려동물 낭만 바다 접근성 여름 친절 가을 일몰 산책 낚시 감상 겨울 동물
662,주노글램핑 광주점,4.35,10,"['친구', '분위기', '노을', '여름', '깨끗', '산책']",친구 분위기 노을 여름 깨끗 산책
663,합천 해피캠핑장,4.607142857142857,406,"['보옴', '분위기', '감성', '깨끗', '운치', '별빛', '친구', '가족', '야경', '노을', '커플', '힐링', '공기', '경치', '관광', '반려동물', '불멍', '바다', '여름', '친절', '계곡', '가을', '산책', '감상', '낚시', '호수', '물멍', '겨울', '동물']",보옴 분위기 감성 깨끗 운치 별빛 친구 가족 야경 노을 커플 힐링 공기 경치 관광 반려동물 불멍 바다 여름 친절 계곡 가을 산책 감상 낚시 호수 물멍 겨울 동물
664,욕지도청보리오토캠프,4.520833333333333,24,"['사안', '가족', '바다', '아이', '일몰', '공기', '낚시', '경치']",사안 가족 바다 아이 일몰 공기 낚시 경치
665,캠프포레,4.40080971659919,247,"['분위기', '벚꽃', '깨끗', '별빛', '친구', '가족', '야경', '커플', '힐링', '공기', '경치', '불멍', '반려동물', '아이', '여름', '친절', '계곡', '사안', '가을', '우중', '수웊', '산책', '호수', '휴식', '겨울']",분위기 벚꽃 깨끗 별빛 친구 가족 야경 커플 힐링 공기 경치 불멍 반려동물 아이 여름 친절 계곡 사안 가을 우중 수웊 산책 호수 휴식 겨울
666,스톤힐,4.800140252454418,713,"['보옴', '분위기', '감성', '깨끗', '운치', '별빛', '친구', '가족', '야경', '고요', '노을', '커플', '공기', '힐링', '경치', '관광', '불멍', '반려동물', '바다', '아이', '접근성', '여름', '친절', '나무', '사안', '가을', '수웊', '산책', '휴식', '겨울', '동물']",보옴 분위기 감성 깨끗 운치 별빛 친구 가족 야경 고요 노을 커플 공기 힐링 경치 관광 불멍 반려동물 바다 아이 접근성 여름 친절 나무 사안 가을 수웊 산책 휴식 겨울 동물
667,김해가야테마파크 카라반 캠핑장,4.1807909604519775,177,"['분위기', '깨끗', '별빛', '친구', '야경', '가족', '노을', '커플', '힐링', '공기', '경치', '반려동물', '낭만', '접근성', '아이', '친절', '계곡', '사안', '가을', '산책', '휴식', '겨울']",분위기 깨끗 별빛 친구 야경 가족 노을 커플 힐링 공기 경치 반려동물 낭만 접근성 아이 친절 계곡 사안 가을 산책 휴식 겨울
668,가온빌리지,4.478021978021979,91,"['친구', '나무', '분위기', '가족', '반려동물', '우중', '커플', '여름', '힐링', '산책', '운치', '경치', '친절', '불멍', '겨울', '동물']",친구 나무 분위기 가족 반려동물 우중 커플 여름 힐링 산책 운치 경치 친절 불멍 겨울 동물
669,밀양 엄마랑놀자 키즈글램핑,4.193486590038314,261,"['사안', '별빛', '친구', '가족', '분위기', '가을', '반려동물', '아이', '여름', '깨끗', '힐링', '운치', '낚시', '공기', '친절', '불멍', '겨울', '계곡']",사안 별빛 친구 가족 분위기 가을 반려동물 아이 여름 깨끗 힐링 운치 낚시 공기 친절 불멍 겨울 계곡
670,생림오토캠핑장,4.375,32,['장박'],장박
671,트로피칼드림카라반,4.339483394833948,271,"['별빛', '친구', '가족', '야경', '분위기', '바다', '커플', '아이', '힐링', '산책', '운치', '경치', '친절', '겨울']",별빛 친구 가족 야경 분위기 바다 커플 아이 힐링 산책 운치 경치 친절 겨울
672,아리아글램핑,4.547872340425532,94,"['하천', '별빛', '친구', '가을', '반려동물', '아이', '여름', '접근성', '공기', '깨끗', '운치', '힐링', '낭만', '경치', '친절', '불멍', '겨울', '계곡']",하천 별빛 친구 가을 반려동물 아이 여름 접근성 공기 깨끗 운치 힐링 낭만 경치 친절 불멍 겨울 계곡
673,밀양알프스캠핑장,4.214285714285714,7,['공기'],공기
674,합천 은하수글램핑&카라반,4.748603351955309,179,"['분위기', '감성', '벚꽃', '깨끗', '별빛', '친구', '가족', '야경', '노을', '커플', '힐링', '공기', '경치', '관광', '불멍', '접근성', '친절', '가을', '우중', '공원', '동물']",분위기 감성 벚꽃 깨끗 별빛 친구 가족 야경 노을 커플 힐링 공기 경치 관광 불멍 접근성 친절 가을 우중 공원 동물
675,통영오토캠핑장,3.8873239436619715,355,"['보옴', '분위기', '깨끗', '운치', '별빛', '친구', '가족', '야경', '노을', '커플', '힐링', '공기', '경치', '관광', '바다', '아이', '여름', '단풍', '사안', '가을', '일몰', '감상', '산책', '수웊', '공원', '겨울', '동물']",보옴 분위기 깨끗 운치 별빛 친구 가족 야경 노을 커플 힐링 공기 경치 관광 바다 아이 여름 단풍 사안 가을 일몰 감상 산책 수웊 공원 겨울 동물
676,리버뷰캠핑장,4.198312236286919,237,"['사안', '별빛', '친구', '가족', '여름', '힐링', '공기', '경치', '반려동물', '겨울', '낭만']",사안 별빛 친구 가족 여름 힐링 공기 경치 반려동물 겨울 낭만
677,함양용추오토캠핑장,4.465587044534413,247,"['사안', '별빛', '친구', '가족', '분위기', '가을', '여름', '깨끗', '힐링', '공기', '경치', '친절', '장박', '겨울', '동물', '계곡']",사안 별빛 친구 가족 분위기 가을 여름 깨끗 힐링 공기 경치 친절 장박 겨울 동물 계곡
678,합천호코지캠핑장,4.323170731707316,164,"['분위기', '깨끗', '운치', '별빛', '가족', '고요', '노을', '힐링', '공기', '경치', '관광', '반려동물', '불멍', '아이', '단풍', '친절', '사안', '가을', '휴식', '겨울', '동물']",분위기 깨끗 운치 별빛 가족 고요 노을 힐링 공기 경치 관광 반려동물 불멍 아이 단풍 친절 사안 가을 휴식 겨울 동물
679,부재산방 오토캠핑장,4.375438596491228,285,"['보옴', '편안', '시골', '분위기', '깨끗', '별빛', '친구', '가족', '노을', '힐링', '공기', '경치', '반려동물', '불멍', '저수지', '바다', '아이', '반딧불', '여름', '계곡', '사안', '수웊', '산책', '휴식', '겨울', '동물']",보옴 편안 시골 분위기 깨끗 별빛 친구 가족 노을 힐링 공기 경치 반려동물 불멍 저수지 바다 아이 반딧불 여름 계곡 사안 수웊 산책 휴식 겨울 동물
680,글램핑스토리,4.779255319148937,188,"['시골', '분위기', '깨끗', '운치', '별빛', '친구', '가족', '고요', '커플', '힐링', '공기', '경치', '반려동물', '불멍', '아이', '여름', '단풍', '친절', '계곡', '사안', '가을', '수웊', '휴식', '겨울']",시골 분위기 깨끗 운치 별빛 친구 가족 고요 커플 힐링 공기 경치 반려동물 불멍 아이 여름 단풍 친절 계곡 사안 가을 수웊 휴식 겨울
681,평암189캠핑장,4.785714285714286,70,"['사안', '친구', '가족', '분위기', '가을', '고요', '반려동물', '커플', '여름', '깨끗', '힐링', '공기', '친절', '경치', '불멍', '계곡']",사안 친구 가족 분위기 가을 고요 반려동물 커플 여름 깨끗 힐링 공기 친절 경치 불멍 계곡
682,타이거스피드 안녕오토캠핑장,4.64,25,"['경치', '바다']",경치 바다
683,통제영 오토캠핑장,4.596009975062343,1203,"['보옴', '편안', '분위기', '감성', '벚꽃', '깨끗', '운치', '별빛', '친구', '가족', '고요', '노을', '커플', '공기', '힐링', '경치', '관광', '불멍', '반려동물', '낭만', '바다', '아이', '접근성', '여름', '친절', '사안', '가을', '우중', '동물', '일몰', '산책', '낚시', '수웊', '감상', '휴식', '겨울', '장박']",보옴 편안 분위기 감성 벚꽃 깨끗 운치 별빛 친구 가족 고요 노을 커플 공기 힐링 경치 관광 불멍 반려동물 낭만 바다 아이 접근성 여름 친절 사안 가을 우중 동물 일몰 산책 낚시 수웊 감상 휴식 겨울 장박
684,산청 펫글램핑,4.894736842105263,19,"['시골', '가족', '분위기', '경치', '반려동물', '겨울', '계곡']",시골 가족 분위기 경치 반려동물 겨울 계곡
685,욕지도관광농원 오션뷰카라반,4.785046728971961,107,"['보옴', '분위기', '깨끗', '운치', '별빛', '가족', '야경', '노을', '힐링', '공기', '경치', '바다', '친절', '가을', '일몰', '수웊', '낚시', '겨울', '동물']",보옴 분위기 깨끗 운치 별빛 가족 야경 노을 힐링 공기 경치 바다 친절 가을 일몰 수웊 낚시 겨울 동물
686,얼음골캠핑장,4.809808612440191,418,"['보옴', '분위기', '감성', '깨끗', '운치', '별빛', '친구', '가족', '노을', '힐링', '공기', '경치', '반려동물', '불멍', '바다', '여름', '단풍', '친절', '계곡', '사안', '가을', '일몰', '낚시', '겨울']",보옴 분위기 감성 깨끗 운치 별빛 친구 가족 노을 힐링 공기 경치 반려동물 불멍 바다 여름 단풍 친절 계곡 사안 가을 일몰 낚시 겨울
687,합천 휴테마파크 카라반글램핑,4.618852459016393,122,"['사안', '친구', '가족', '분위기', '가을', '아이', '여름', '깨끗', '힐링', '공기', '경치', '친절']",사안 친구 가족 분위기 가을 아이 여름 깨끗 힐링 공기 경치 친절
688,합천 라온 글램핑 캠핑장,4.590225563909773,133,"['별빛', '친구', '야경', '분위기', '가을', '가족', '우중', '감성', '여름', '깨끗', '산책', '힐링', '관광', '공기', '경치', '친절', '휴식']",별빛 친구 야경 분위기 가을 가족 우중 감성 여름 깨끗 산책 힐링 관광 공기 경치 친절 휴식
689,마이웨이리조트,3.0,9,"['가족', '아이', '힐링', '깨끗', '경치']",가족 아이 힐링 깨끗 경치
690,늘예솔 글램핑,4.5724637681159415,69,"['사안', '친구', '나무', '가족', '가을', '커플', '여름', '계곡', '힐링', '공기', '운치', '친절', '경치', '불멍', '겨울', '휴식']",사안 친구 나무 가족 가을 커플 여름 계곡 힐링 공기 운치 친절 경치 불멍 겨울 휴식
691,산들바다펜션&글램핑,4.545833333333333,120,"['별빛', '친구', '가족', '분위기', '야경', '바다', '노을', '여름', '일몰', '깨끗', '힐링', '낚시', '경치', '친절', '겨울']",별빛 친구 가족 분위기 야경 바다 노을 여름 일몰 깨끗 힐링 낚시 경치 친절 겨울
692,캠핑홀릭 수영장 오토캠핑장,4.5038167938931295,131,"['보옴', '시골', '분위기', '감성', '깨끗', '솔로캠핑', '별빛', '가족', '커플', '힐링', '공기', '경치', '여름', '친절', '사안', '가을', '우중', '수웊', '산책', '겨울', '동물']",보옴 시골 분위기 감성 깨끗 솔로캠핑 별빛 가족 커플 힐링 공기 경치 여름 친절 사안 가을 우중 수웊 산책 겨울 동물
693,대풍바위 오토캠핑장,4.733333333333333,15,"['경치', '바다']",경치 바다
694,벽계야영장,4.454545454545454,22,['분위기'],분위기
695,달빛고운병곡캠핑장,4.3,10,['계곡'],계곡
696,밀양표충오토캠핑장,4.038461538461538,13,['계곡'],계곡
697,캠핑배내,4.6,25,"['보옴', '가족', '분위기', '가을', '여름', '힐링', '관광', '반려동물', '계곡']",보옴 가족 분위기 가을 여름 힐링 관광 반려동물 계곡
698,합천리컴펜글,3.71,200,"['분위기', '감성', '깨끗', '운치', '별빛', '친구', '가족', '커플', '힐링', '공기', '경치', '반려동물', '아이', '여름', '나무', '사안', '가을', '산책', '호수', '겨울', '동물']",분위기 감성 깨끗 운치 별빛 친구 가족 커플 힐링 공기 경치 반려동물 아이 여름 나무 사안 가을 산책 호수 겨울 동물
699,매미캠프,5.0,14,"['친구', '바다', '분위기', '커플', '힐링', '낚시', '경치']",친구 바다 분위기 커플 힐링 낚시 경치
700,가람펜션,4.697674418604652,86,"['친구', '가족', '분위기', '접근성', '아이', '벚꽃', '힐링', '공기', '낚시', '여름', '관광', '친절', '경치', '호수', '산책', '반려동물', '겨울', '동물']",친구 가족 분위기 접근성 아이 벚꽃 힐링 공기 낚시 여름 관광 친절 경치 호수 산책 반려동물 겨울 동물
701,지금부터힐링글램핑,3.7980769230769234,52,"['친구', '가족', '분위기', '커플', '아이', '여름', '깨끗', '힐링', '경치', '겨울', '계곡']",친구 가족 분위기 커플 아이 여름 깨끗 힐링 경치 겨울 계곡
702,소리길오토캠핑장,5.0,1,['여름'],여름
703,놀터 캠핑장,4.833333333333333,6,"['경치', '바다']",경치 바다
704,별숲글램핑,4.075471698113208,106,"['가족', '분위기', '접근성', '공기', '깨끗', '힐링', '불멍']",가족 분위기 접근성 공기 깨끗 힐링 불멍
705,칠선계곡글램핑,4.735294117647058,34,"['사안', '가족', '깨끗', '공기', '산책', '힐링', '경치', '친절', '불멍', '계곡']",사안 가족 깨끗 공기 산책 힐링 경치 친절 불멍 계곡
706,폴라리스글램핑,4.3875,40,['경치'],경치
707,좋은카라반,4.6875,8,"['공기', '사안', '경치']",공기 사안 경치
708,병곡계곡 휴일엔펜션&오토캠핑장,4.88671875,128,"['사안', '별빛', '가족', '분위기', '가을', '여름', '깨끗', '힐링', '운치', '낚시', '단풍', '경치', '공기', '불멍', '겨울', '계곡']",사안 별빛 가족 분위기 가을 여름 깨끗 힐링 운치 낚시 단풍 경치 공기 불멍 겨울 계곡
709,남해더왕글램핑,4.375,80,"['보옴', '별빛', '친구', '가족', '바다', '분위기', '여름', '힐링', '산책', '공기', '경치']",보옴 별빛 친구 가족 바다 분위기 여름 힐링 산책 공기 경치
710,거제글램퍼스,4.061403508771931,57,"['동물', '감성', '경치']",동물 감성 경치
711,청광새들녘캠핑장,3.941176470588236,51,"['하천', '시골', '가족', '분위기', '고요', '깨끗', '공기', '운치', '친절', '반려동물', '동물']",하천 시골 가족 분위기 고요 깨끗 공기 운치 친절 반려동물 동물
712,밀양유원지오토캠핑장,4.313118811881188,404,"['분위기', '깨끗', '운치', '가족', '커플', '힐링', '공기', '경치', '반려동물', '불멍', '접근성', '아이', '여름', '단풍', '친절', '계곡', '하천', '가을', '산책', '낚시', '겨울']",분위기 깨끗 운치 가족 커플 힐링 공기 경치 반려동물 불멍 접근성 아이 여름 단풍 친절 계곡 하천 가을 산책 낚시 겨울
713,물안개 오토캠핑장,3.0,5,['경치'],경치
714,신어산자연숲캠핑장,4.5,1,['여름'],여름
715,카라반르몽드,5.0,5,['사안'],사안
716,경호강변오토캠핑장,4.5227272727272725,22,"['사안', '가족', '쾌적', '커플', '아이', '여름', '힐링']",사안 가족 쾌적 커플 아이 여름 힐링
717,매화관광농원캠핑장,3.0,2,['친절'],친절
718,고성패밀리캠핑장,3.0,1,['별빛'],별빛
719,바보글램핑,4.616935483870968,124,"['보옴', '사안', '가족', '분위기', '가을', '반려동물', '커플', '여름', '힐링', '공기', '운치', '경치', '친절', '불멍', '겨울', '휴식']",보옴 사안 가족 분위기 가을 반려동물 커플 여름 힐링 공기 운치 경치 친절 불멍 겨울 휴식
720,궁농오토캠핑장,3.9,20,"['사안', '바다', '공원', '산책', '낚시', '경치']",사안 바다 공원 산책 낚시 경치
721,달다래체험장,4.166666666666667,6,['바다'],바다
722,경호강캠핑장,4.706896551724138,29,"['가족', '분위기', '힐링', '경치', '낭만']",가족 분위기 힐링 경치 낭만
723,경호강카라반,4.84251968503937,127,"['보옴', '분위기', '깨끗', '운치', '별빛', '친구', '야경', '가족', '커플', '힐링', '공기', '경치', '불멍', '낭만', '아이', '여름', '친절', '사안', '가을', '겨울']",보옴 분위기 깨끗 운치 별빛 친구 야경 가족 커플 힐링 공기 경치 불멍 낭만 아이 여름 친절 사안 가을 겨울
724,합천호 문워크 카라반 캠핑,4.9444444444444455,9,"['사안', '가족', '여름', '힐링', '경치']",사안 가족 여름 힐링 경치
725,국립남해편백자연휴양림캠핑장,4.5,15,['힐링'],힐링
726,양지생태마을캠핑장,4.178571428571429,14,['계곡'],계곡
727,동의보감촌 숲속글램핑,4.354609929078015,282,"['보옴', '분위기', '감성', '깨끗', '운치', '별빛', '친구', '가족', '고요', '커플', '힐링', '공기', '경치', '낭만', '바다', '여름', '친절', '나무', '계곡', '사안', '가을', '수웊', '산책', '겨울']",보옴 분위기 감성 깨끗 운치 별빛 친구 가족 고요 커플 힐링 공기 경치 낭만 바다 여름 친절 나무 계곡 사안 가을 수웊 산책 겨울
728,산들바다관광농원 펜션캠핑장B,4.896825396825396,63,"['친구', '가족', '분위기', '바다', '감성', '커플', '일몰', '깨끗', '힐링', '친절', '경치', '반려동물']",친구 가족 분위기 바다 감성 커플 일몰 깨끗 힐링 친절 경치 반려동물
729,제이원빌리지,4.151515151515151,66,"['별빛', '친구', '가족', '가을', '여름', '휴식']",별빛 친구 가족 가을 여름 휴식
730,라비에벨글램핑,1.0,2,"['겨울', '가족']",겨울 가족
731,오도산자연휴양림캠핑장,4.605263157894737,19,['공기'],공기
732,중산리자연휴양림캠핑장,4.181818181818182,11,"['고요', '힐링']",고요 힐링
733,수승대 오토캠핑장,4.888888888888889,9,['힐링'],힐링
734,폴라리스야영장,3.0,32,"['가족', '바다', '분위기', '여름', '깨끗', '경치']",가족 바다 분위기 여름 깨끗 경치
735,대충캠핑장,4.463235294117646,204,"['분위기', '벚꽃', '깨끗', '별빛', '가족', '고요', '커플', '힐링', '공기', '경치', '관광', '불멍', '저수지', '접근성', '아이', '여름', '친절', '사안', '일몰', '수웊', '휴식', '겨울', '동물']",분위기 벚꽃 깨끗 별빛 가족 고요 커플 힐링 공기 경치 관광 불멍 저수지 접근성 아이 여름 친절 사안 일몰 수웊 휴식 겨울 동물
736,해인캠핑장,4.0,1,['친절'],친절
737,거제자연휴양림캠핑장,4.472222222222221,18,['공기'],공기
738,캠프안단테,4.38508064516129,496,"['분위기', '감성', '벚꽃', '깨끗', '별빛', '친구', '가족', '힐링', '공기', '경치', '관광', '반려동물', '불멍', '접근성', '아이', '여름', '단풍', '친절', '사안', '가을', '수웊', '산책', '겨울', '동물']",분위기 감성 벚꽃 깨끗 별빛 친구 가족 힐링 공기 경치 관광 반려동물 불멍 접근성 아이 여름 단풍 친절 사안 가을 수웊 산책 겨울 동물
739,봉식이놀이터 글램핑,4.468710888610763,799,"['보옴', '시골', '분위기', '감성', '벚꽃', '깨끗', '운치', '별빛', '친구', '가족', '야경', '쾌적', '커플', '힐링', '공기', '경치', '불멍', '반려동물', '접근성', '아이', '여름', '친절', '나무', '사안', '가을', '수웊', '산책', '휴식', '겨울', '동물']",보옴 시골 분위기 감성 벚꽃 깨끗 운치 별빛 친구 가족 야경 쾌적 커플 힐링 공기 경치 불멍 반려동물 접근성 아이 여름 친절 나무 사안 가을 수웊 산책 휴식 겨울 동물
740,스카이글램핑,3.5595238095238093,252,"['보옴', '사안', '별빛', '친구', '가족', '분위기', '가을', '접근성', '아이', '여름', '깨끗', '힐링', '공기', '친절', '겨울', '동물']",보옴 사안 별빛 친구 가족 분위기 가을 접근성 아이 여름 깨끗 힐링 공기 친절 겨울 동물
741,유니의바다 카라반 구룡포점,4.63047619047619,525,"['보옴', '분위기', '감성', '깨끗', '운치', '친구', '가족', '힐링', '공기', '경치', '관광', '불멍', '바다', '아이', '여름', '친절', '가을', '일몰', '산책', '감상', '휴식', '겨울', '동물']",보옴 분위기 감성 깨끗 운치 친구 가족 힐링 공기 경치 관광 불멍 바다 아이 여름 친절 가을 일몰 산책 감상 휴식 겨울 동물
742,한밤 솔담길 오토캠핑장,3.8705882352941177,765,"['편안', '시골', '분위기', '깨끗', '운치', '별빛', '친구', '가족', '노을', '커플', '공기', '힐링', '경치', '불멍', '반려동물', '낭만', '아이', '접근성', '여름', '단풍', '친절', '나무', '계곡', '사안', '가을', '우중', '공원', '산책', '수웊', '겨울', '동물']",편안 시골 분위기 깨끗 운치 별빛 친구 가족 노을 커플 공기 힐링 경치 불멍 반려동물 낭만 아이 접근성 여름 단풍 친절 나무 계곡 사안 가을 우중 공원 산책 수웊 겨울 동물
743,산소파크 글램핑 청송오토캠핑장,4.37593984962406,133,"['보옴', '분위기', '벚꽃', '깨끗', '가족', '쾌적', '노을', '힐링', '공기', '경치', '불멍', '저수지', '아이', '여름', '단풍', '친절', '사안', '가을', '수웊', '공원', '호수', '동물']",보옴 분위기 벚꽃 깨끗 가족 쾌적 노을 힐링 공기 경치 불멍 저수지 아이 여름 단풍 친절 사안 가을 수웊 공원 호수 동물
744,청도 글램핑&오토캠핑장,4.859712230215829,139,"['분위기', '깨끗', '운치', '별빛', '친구', '가족', '노을', '힐링', '경치', '접근성', '여름', '단풍', '친절', '계곡', '사안', '가을', '산책', '휴식', '겨울']",분위기 깨끗 운치 별빛 친구 가족 노을 힐링 경치 접근성 여름 단풍 친절 계곡 사안 가을 산책 휴식 겨울
745,텐타우스 카라반글램핑,4.286821705426356,387,"['시골', '분위기', '감성', '깨끗', '운치', '별빛', '친구', '가족', '야경', '커플', '힐링', '공기', '경치', '불멍', '반려동물', '접근성', '아이', '여름', '친절', '사안', '가을', '휴식', '겨울', '동물']",시골 분위기 감성 깨끗 운치 별빛 친구 가족 야경 커플 힐링 공기 경치 불멍 반려동물 접근성 아이 여름 친절 사안 가을 휴식 겨울 동물
746,임하호캠핑수상레저타운,4.3366854384553495,1243,"['보옴', '분위기', '깨끗', '운치', '별빛', '친구', '가족', '고요', '쾌적', '공기', '힐링', '경치', '관광', '불멍', '아이', '접근성', '여름', '단풍', '친절', '사안', '가을', '우중', '산책', '호수', '겨울', '동물']",보옴 분위기 깨끗 운치 별빛 친구 가족 고요 쾌적 공기 힐링 경치 관광 불멍 아이 접근성 여름 단풍 친절 사안 가을 우중 산책 호수 겨울 동물
747,영천 아우노 펠리스 글램핑,4.506787330316742,442,"['분위기', '감성', '깨끗', '운치', '별빛', '친구', '가족', '야경', '노을', '힐링', '공기', '경치', '불멍', '접근성', '아이', '여름', '친절', '사안', '산책', '겨울']",분위기 감성 깨끗 운치 별빛 친구 가족 야경 노을 힐링 공기 경치 불멍 접근성 아이 여름 친절 사안 산책 겨울
748,하비카라반럭셔리글램핑,4.3125,88,"['사안', '친구', '가족', '야경', '가을', '분위기', '커플', '접근성', '아이', '수웊', '산책', '운치', '힐링', '공기', '경치', '휴식', '겨울', '계곡']",사안 친구 가족 야경 가을 분위기 커플 접근성 아이 수웊 산책 운치 힐링 공기 경치 휴식 겨울 계곡
749,오글오글글램핑장,4.577586206896552,58,"['사안', '별빛', '분위기', '가을', '감성', '힐링', '운치', '단풍', '경치', '불멍']",사안 별빛 분위기 가을 감성 힐링 운치 단풍 경치 불멍
750,블루밍카라반,4.68125,160,"['별빛', '친구', '가족', '분위기', '바다', '커플', '여름', '감성', '힐링', '산책', '운치', '친절', '경치', '겨울']",별빛 친구 가족 분위기 바다 커플 여름 감성 힐링 산책 운치 친절 경치 겨울
751,경주남산캠핑랜드,3.6770428015564196,257,"['사안', '별빛', '친구', '가족', '분위기', '가을', '커플', '여름', '깨끗', '힐링', '운치', '공기', '경치', '친절', '불멍', '겨울', '낭만']",사안 별빛 친구 가족 분위기 가을 커플 여름 깨끗 힐링 운치 공기 경치 친절 불멍 겨울 낭만
752,아빠의캠프,4.459595959595959,99,"['가족', '분위기', '아이', '여름', '공기', '운치', '낚시', '경치', '불멍', '겨울']",가족 분위기 아이 여름 공기 운치 낚시 경치 불멍 겨울
753,팔공산글램핑,4.850436681222709,458,"['보옴', '분위기', '감성', '벚꽃', '깨끗', '운치', '별빛', '친구', '가족', '커플', '힐링', '공기', '경치', '불멍', '저수지', '낭만', '접근성', '아이', '여름', '단풍', '친절', '계곡', '사안', '가을', '수웊', '휴식', '겨울']",보옴 분위기 감성 벚꽃 깨끗 운치 별빛 친구 가족 커플 힐링 공기 경치 불멍 저수지 낭만 접근성 아이 여름 단풍 친절 계곡 사안 가을 수웊 휴식 겨울
754,팜스토리 글램핑&오토캠핑장,4.467871485943776,249,"['보옴', '분위기', '감성', '깨끗', '운치', '가족', '고요', '쾌적', '힐링', '공기', '경치', '반려동물', '불멍', '바다', '접근성', '반딧불', '아이', '여름', '단풍', '친절', '계곡', '사안', '가을', '휴식', '겨울']",보옴 분위기 감성 깨끗 운치 가족 고요 쾌적 힐링 공기 경치 반려동물 불멍 바다 접근성 반딧불 아이 여름 단풍 친절 계곡 사안 가을 휴식 겨울
755,경주 오아시스 글램핑,4.17479674796748,246,"['보옴', '분위기', '깨끗', '운치', '친구', '가족', '고요', '커플', '힐링', '공기', '반려동물', '불멍', '여름', '친절', '사안', '가을', '우중', '겨울', '동물']",보옴 분위기 깨끗 운치 친구 가족 고요 커플 힐링 공기 반려동물 불멍 여름 친절 사안 가을 우중 겨울 동물
756,청량산나무네숲캠핑,4.789473684210527,95,"['사안', '별빛', '친구', '가족', '분위기', '가을', '여름', '반딧불', '수웊', '감상', '힐링', '공기', '산책', '경치', '불멍', '겨울']",사안 별빛 친구 가족 분위기 가을 여름 반딧불 수웊 감상 힐링 공기 산책 경치 불멍 겨울
757,보라보라카라반 캠핑장,4.75,18,"['경치', '아이', '바다']",경치 아이 바다
758,푸른고래 카라반캠핑장,4.550445103857566,337,"['시골', '분위기', '감성', '깨끗', '운치', '별빛', '친구', '가족', '노을', '커플', '힐링', '경치', '관광', '반려동물', '낭만', '바다', '아이', '여름', '친절', '일몰', '산책', '낚시', '겨울', '동물']",시골 분위기 감성 깨끗 운치 별빛 친구 가족 노을 커플 힐링 경치 관광 반려동물 낭만 바다 아이 여름 친절 일몰 산책 낚시 겨울 동물
759,두 바퀴로 가는 자동차,4.6224489795918355,49,"['별빛', '친구', '가족', '접근성', '여름', '깨끗', '공기', '동물']",별빛 친구 가족 접근성 여름 깨끗 공기 동물
760,선라이즈 글램핑,4.708609271523179,151,"['분위기', '깨끗', '운치', '별빛', '친구', '가족', '야경', '노을', '커플', '힐링', '공기', '경치', '관광', '불멍', '바다', '여름', '친절', '계곡', '사안', '가을', '수웊', '산책', '겨울']",분위기 깨끗 운치 별빛 친구 가족 야경 노을 커플 힐링 공기 경치 관광 불멍 바다 여름 친절 계곡 사안 가을 수웊 산책 겨울
761,운문사계절 카라반펜션오토캠핑장,4.443956043956044,455,"['보옴', '분위기', '벚꽃', '깨끗', '운치', '솔로캠핑', '별빛', '친구', '가족', '고요', '쾌적', '힐링', '공기', '경치', '불멍', '반려동물', '아이', '여름', '단풍', '친절', '계곡', '사안', '가을', '감상', '겨울', '동물']",보옴 분위기 벚꽃 깨끗 운치 솔로캠핑 별빛 친구 가족 고요 쾌적 힐링 공기 경치 불멍 반려동물 아이 여름 단풍 친절 계곡 사안 가을 감상 겨울 동물
762,보문카라반파크,4.447368421052632,38,"['가족', '가을', '접근성', '공기', '공원', '운치', '힐링', '산책', '경치']",가족 가을 접근성 공기 공원 운치 힐링 산책 경치
763,경주힐링캠프,4.662037037037037,216,"['보옴', '분위기', '깨끗', '운치', '별빛', '친구', '가족', '힐링', '공기', '경치', '불멍', '반려동물', '아이', '여름', '단풍', '친절', '계곡', '사안', '가을', '수웊', '산책', '겨울']",보옴 분위기 깨끗 운치 별빛 친구 가족 힐링 공기 경치 불멍 반려동물 아이 여름 단풍 친절 계곡 사안 가을 수웊 산책 겨울
764,엘포리글램핑,4.666666666666667,15,"['가을', '힐링', '친구', '공기']",가을 힐링 친구 공기
765,영양수비별빛캠핑장,4.8,20,"['사안', '별빛', '가을', '아이', '반딧불', '공기', '산책', '경치', '계곡']",사안 별빛 가을 아이 반딧불 공기 산책 경치 계곡
766,물가애오토캠핑장,4.764705882352942,17,"['야경', '여름', '힐링', '경치', '장박', '저수지']",야경 여름 힐링 경치 장박 저수지
767,문경 카라반파파,4.344322344322343,273,"['분위기', '깨끗', '운치', '별빛', '친구', '가족', '커플', '힐링', '공기', '경치', '관광', '불멍', '아이', '여름', '친절', '사안', '가을', '산책', '겨울']",분위기 깨끗 운치 별빛 친구 가족 커플 힐링 공기 경치 관광 불멍 아이 여름 친절 사안 가을 산책 겨울
768,스타글램핑,3.5904255319148937,188,"['보옴', '사안', '별빛', '시골', '가족', '분위기', '가을', '친구', '감성', '접근성', '여름', '깨끗', '힐링', '공기', '친절', '반려동물', '겨울', '낭만']",보옴 사안 별빛 시골 가족 분위기 가을 친구 감성 접근성 여름 깨끗 힐링 공기 친절 반려동물 겨울 낭만
769,캠프1530,4.6847133757961785,157,"['분위기', '깨끗', '운치', '친구', '가족', '힐링', '공기', '경치', '불멍', '낭만', '바다', '접근성', '아이', '여름', '친절', '사안', '가을', '우중', '수웊', '동물']",분위기 깨끗 운치 친구 가족 힐링 공기 경치 불멍 낭만 바다 접근성 아이 여름 친절 사안 가을 우중 수웊 동물
770,맑은개울캠핑장,4.3048780487804885,41,"['여름', '깨끗', '힐링', '공기', '계곡']",여름 깨끗 힐링 공기 계곡
771,캠프ing 오토캠핑장,4.58383233532934,501,"['보옴', '시골', '분위기', '벚꽃', '깨끗', '운치', '별빛', '친구', '가족', '커플', '힐링', '공기', '경치', '관광', '반려동물', '접근성', '아이', '여름', '단풍', '친절', '가을', '겨울', '장박']",보옴 시골 분위기 벚꽃 깨끗 운치 별빛 친구 가족 커플 힐링 공기 경치 관광 반려동물 접근성 아이 여름 단풍 친절 가을 겨울 장박
772,유니의바다 카라반 호미곶점,4.321428571428571,14,"['깨끗', '운치', '경치', '바다']",깨끗 운치 경치 바다
773,산내자연캠프,4.72027972027972,143,"['분위기', '감성', '깨끗', '운치', '별빛', '친구', '가족', '커플', '힐링', '공기', '경치', '불멍', '아이', '여름', '친절', '계곡', '사안', '가을', '겨울', '장박']",분위기 감성 깨끗 운치 별빛 친구 가족 커플 힐링 공기 경치 불멍 아이 여름 친절 계곡 사안 가을 겨울 장박
774,반딧불이 오토캠핑장,4.75,4,['공기'],공기
775,늘솔길캠핑촌,4.875675675675676,370,"['보옴', '분위기', '벚꽃', '깨끗', '솔로캠핑', '친구', '가족', '고요', '노을', '커플', '힐링', '공기', '경치', '불멍', '반려동물', '접근성', '아이', '여름', '단풍', '친절', '계곡', '사안', '가을', '우중', '수웊', '산책', '휴식', '겨울']",보옴 분위기 벚꽃 깨끗 솔로캠핑 친구 가족 고요 노을 커플 힐링 공기 경치 불멍 반려동물 접근성 아이 여름 단풍 친절 계곡 사안 가을 우중 수웊 산책 휴식 겨울
776,힐링오름캠핑장,4.577464788732393,71,"['사안', '가족', '분위기', '가을', '커플', '여름', '벚꽃', '공기', '깨끗', '힐링', '단풍', '경치', '친절', '휴식', '저수지']",사안 가족 분위기 가을 커플 여름 벚꽃 공기 깨끗 힐링 단풍 경치 친절 휴식 저수지
777,선녀와나무꾼,3.904255319148936,47,"['사안', '가족', '분위기', '가을', '바다', '아이', '여름', '공기', '경치', '친절']",사안 가족 분위기 가을 바다 아이 여름 공기 경치 친절
778,영덕고래불국민야영장,4.32051282051282,39,['바다'],바다
779,문경수예리오토캠핑장,4.264367816091953,87,"['별빛', '친구', '가족', '아이', '여름', '공기', '힐링', '경치', '친절']",별빛 친구 가족 아이 여름 공기 힐링 경치 친절
780,비손농장,4.4646464646464645,99,"['사안', '친구', '가족', '분위기', '가을', '고요', '반려동물', '우중', '바다', '여름', '수웊', '산책', '친절', '경치', '휴식', '동물']",사안 친구 가족 분위기 가을 고요 반려동물 우중 바다 여름 수웊 산책 친절 경치 휴식 동물
781,청도자연속캠핑장,3.9375,8,['깨끗'],깨끗
782,솔롱고글램핑,4.558988764044943,178,"['별빛', '시골', '가족', '분위기', '친구', '노을', '커플', '아이', '여름', '깨끗', '산책', '운치', '힐링', '공기', '친절', '불멍', '겨울']",별빛 시골 가족 분위기 친구 노을 커플 아이 여름 깨끗 산책 운치 힐링 공기 친절 불멍 겨울
783,오늘 여기 카라반,5.0,15,"['가족', '바다', '분위기', '감성', '아이', '여름', '공기', '깨끗', '운치', '힐링', '산책', '경치', '겨울']",가족 바다 분위기 감성 아이 여름 공기 깨끗 운치 힐링 산책 경치 겨울
784,아쿠아베이,4.240259740259741,154,"['보옴', '친구', '야경', '분위기', '가을', '가족', '반려동물', '바다', '접근성', '여름', '깨끗', '산책', '운치', '힐링', '경치', '친절', '불멍', '겨울']",보옴 친구 야경 분위기 가을 가족 반려동물 바다 접근성 여름 깨끗 산책 운치 힐링 경치 친절 불멍 겨울
785,루트7캠핑장,1.0,2,['별빛'],별빛
786,다놀자캠핑장,4.35,10,['친구'],친구
787,한티별빛아래 오토캠핑장,4.5,8,"['깨끗', '여름', '별빛', '가족']",깨끗 여름 별빛 가족
788,참나무숲글램핑펜션캠핑장,4.4,30,"['친구', '가족', '여름', '수웊', '힐링', '운치', '불멍', '경치', '친절', '휴식', '계곡']",친구 가족 여름 수웊 힐링 운치 불멍 경치 친절 휴식 계곡
789,허브하우스금오산힐링캠프,4.3478260869565215,23,"['보옴', '사안', '별빛', '감성', '공기', '경치', '휴식']",보옴 사안 별빛 감성 공기 경치 휴식
790,소망캠핑장,3.330188679245283,53,"['가족', '분위기', '노을', '접근성', '여름', '공기', '수웊', '운치', '깨끗', '힐링', '산책']",가족 분위기 노을 접근성 여름 공기 수웊 운치 깨끗 힐링 산책
791,우니메이카 고령점,4.953703703703703,108,"['사안', '별빛', '시골', '가족', '분위기', '가을', '우중', '노을', '커플', '아이', '여름', '힐링', '공기', '낭만', '경치', '솔로캠핑', '계곡']",사안 별빛 시골 가족 분위기 가을 우중 노을 커플 아이 여름 힐링 공기 낭만 경치 솔로캠핑 계곡
792,숲이조아 오토캠핑장(수영장)&펜션,4.7289156626506035,83,"['사안', '별빛', '시골', '가족', '친구', '가을', '하천', '쾌적', '여름', '깨끗', '수웊', '힐링', '산책', '친절', '반려동물', '동물', '계곡']",사안 별빛 시골 가족 친구 가을 하천 쾌적 여름 깨끗 수웊 힐링 산책 친절 반려동물 동물 계곡
793,키즈팜 글램핑,4.242424242424242,132,"['보옴', '분위기', '깨끗', '운치', '별빛', '친구', '야경', '가족', '커플', '힐링', '공기', '경치', '반려동물', '불멍', '낭만', '접근성', '아이', '여름', '친절', '나무', '겨울', '동물']",보옴 분위기 깨끗 운치 별빛 친구 야경 가족 커플 힐링 공기 경치 반려동물 불멍 낭만 접근성 아이 여름 친절 나무 겨울 동물
794,허브하우스 금오산힐링타운,3.2857142857142856,14,"['가족', '분위기']",가족 분위기
795,룰루랄라체험학교캠핑장,4.137254901960786,51,"['별빛', '시골', '가족', '분위기', '가을', '친구', '바다', '접근성', '공기', '힐링', '반려동물', '동물']",별빛 시골 가족 분위기 가을 친구 바다 접근성 공기 힐링 반려동물 동물
796,칠곡보오토캠핑장,4.816037735849057,106,"['친구', '야경', '분위기', '가족', '접근성', '깨끗', '공기', '힐링', '경치', '친절', '불멍', '낭만']",친구 야경 분위기 가족 접근성 깨끗 공기 힐링 경치 친절 불멍 낭만
797,경주글램존,4.3173076923076925,52,"['아이', '공기', '힐링', '경치', '친절']",아이 공기 힐링 경치 친절
798,봉화별,4.862170087976541,341,"['시골', '분위기', '깨끗', '별빛', '친구', '가족', '고요', '커플', '힐링', '공기', '경치', '관광', '반려동물', '접근성', '아이', '여름', '단풍', '친절', '계곡', '사안', '가을', '우중', '수웊', '산책', '공원', '휴식']",시골 분위기 깨끗 별빛 친구 가족 고요 커플 힐링 공기 경치 관광 반려동물 접근성 아이 여름 단풍 친절 계곡 사안 가을 우중 수웊 산책 공원 휴식
799,구미캠핑장,4.645161290322581,62,"['산책', '반려동물', '가족']",산책 반려동물 가족
800,숲속에오토캠핑장,4.571428571428571,28,"['사안', '접근성', '수웊', '공기', '운치', '힐링', '경치']",사안 접근성 수웊 공기 운치 힐링 경치
801,성주선바위캠핑장,4.654411764705882,136,"['사안', '시골', '가족', '가을', '여름', '깨끗', '힐링', '운치', '단풍', '공기', '경치', '친절', '불멍', '계곡']",사안 시골 가족 가을 여름 깨끗 힐링 운치 단풍 공기 경치 친절 불멍 계곡
802,달빛캠핑,4.647058823529412,17,['분위기'],분위기
803,조은자리캠핑장식당,5.0,7,['계곡'],계곡
804,청도프로방스불빛축제카라반펜션,4.227272727272728,11,"['가족', '야경', '분위기', '공기', '힐링', '산책', '경치', '불멍']",가족 야경 분위기 공기 힐링 산책 경치 불멍
805,화랑마을오토캠핑장,5.0,1,['산책'],산책
806,이지카라반캠핑장,4.1,30,['별빛'],별빛
807,I go,3.2,5,['경치'],경치
808,유힐캠핑파크,4.330357142857143,168,"['보옴', '분위기', '감성', '깨끗', '운치', '친구', '가족', '야경', '커플', '힐링', '공기', '경치', '관광', '낭만', '바다', '접근성', '아이', '여름', '친절', '사안', '가을', '우중', '산책', '낚시', '휴식', '겨울']",보옴 분위기 감성 깨끗 운치 친구 가족 야경 커플 힐링 공기 경치 관광 낭만 바다 접근성 아이 여름 친절 사안 가을 우중 산책 낚시 휴식 겨울
809,늘푸른체험학교 글램핑오토캠핑장,4.293478260869565,46,"['사안', '친구', '가족', '접근성', '반려동물']",사안 친구 가족 접근성 반려동물
810,포에스카라반파크,4.866666666666666,15,['경치'],경치
811,팔공SS애견글램핑캠핑장,3.96,75,"['사안', '별빛', '친구', '가족', '분위기', '여름', '깨끗', '산책', '운치', '힐링', '공기', '경치', '친절', '낭만', '반려동물', '겨울', '계곡']",사안 별빛 친구 가족 분위기 여름 깨끗 산책 운치 힐링 공기 경치 친절 낭만 반려동물 겨울 계곡
812,신난다글램핑,4.0206611570247945,121,"['사안', '시골', '친구', '분위기', '커플', '여름', '수웊', '힐링', '공기', '친절', '경치', '반려동물', '겨울', '낭만']",사안 시골 친구 분위기 커플 여름 수웊 힐링 공기 친절 경치 반려동물 겨울 낭만
813,장기카라반캠핑장,3.3684210526315788,19,"['사안', '친구', '가족', '가을', '아이', '여름', '반려동물']",사안 친구 가족 가을 아이 여름 반려동물
814,청도삼계리주말농원캠핑장,4.72463768115942,207,"['분위기', '깨끗', '별빛', '가족', '고요', '힐링', '공기', '경치', '아이', '여름', '단풍', '친절', '나무', '계곡', '사안', '가을', '수웊', '산책', '휴식']",분위기 깨끗 별빛 가족 고요 힐링 공기 경치 아이 여름 단풍 친절 나무 계곡 사안 가을 수웊 산책 휴식
815,영주호오토캠핑장,3.9722222222222223,18,"['가족', '가을', '공기', '산책', '힐링', '겨울']",가족 가을 공기 산책 힐링 겨울
816,에코힐글램핑,4.453804347826087,184,"['보옴', '분위기', '깨끗', '운치', '별빛', '친구', '가족', '야경', '커플', '힐링', '공기', '경치', '반려동물', '불멍', '바다', '여름', '반딧불', '친절', '사안', '가을', '산책', '겨울', '동물']",보옴 분위기 깨끗 운치 별빛 친구 가족 야경 커플 힐링 공기 경치 반려동물 불멍 바다 여름 반딧불 친절 사안 가을 산책 겨울 동물
817,캠파제주,4.55,10,['수웊'],수웊
818,디포레카라반파크,4.45,10,"['별빛', '가족']",별빛 가족
819,돌하르방캠핑장,3.5,3,"['감성', '친구', '여름']",감성 친구 여름
820,제주캠핑카라반,3.65,10,"['별빛', '시골', '바다', '접근성', '경치', '불멍']",별빛 시골 바다 접근성 경치 불멍
821,중문진실캠핑장,3.85,10,"['경치', '힐링', '친절']",경치 힐링 친절
822,별헤는밤,4.15,10,"['보옴', '별빛', '야경', '분위기', '바다', '노을', '힐링', '경치', '겨울', '낭만']",보옴 별빛 야경 분위기 바다 노을 힐링 경치 겨울 낭만
823,호텔신라 제주글램핑빌리지,5.0,1,['겨울'],겨울
824,팜핑제주카라반,3.7,10,"['친구', '별빛', '동물', '분위기']",친구 별빛 동물 분위기
825,어라운드폴리캠프,4.0,2,['감성'],감성
826,무거 오션뷰펜션카라반,3.55,10,"['바다', '경치', '분위기']",바다 경치 분위기
827,리썸카라반,5.0,10,"['친구', '가족', '바다', '분위기', '깨끗', '힐링', '산책', '경치', '친절']",친구 가족 바다 분위기 깨끗 힐링 산책 경치 친절
828,함덕캠핑스타카라반,3.6,10,"['바다', '깨끗', '산책', '경치', '낭만']",바다 깨끗 산책 경치 낭만
829,서귀포자연휴양림캠핑장,4.15,10,"['수웊', '나무']",수웊 나무
830,드르쿰다 in 성산 카라반,3.6,10,"['친구', '바다']",친구 바다
